ArithmeticError	__cause__ __class__ __context__ __delattr__ __dict__ __dir__ __doc__ __eq__ __format__ __ge__ __getattribute__ __getstate__ __gt__ __hash__ __init__ __init_subclass__ __le__ __lt__ __ne__ __new__ __reduce__ __reduce_ex__ __repr__ __setattr__ __setstate__ __sizeof__ __str__ __subclasshook__ __suppress_context__ __traceback__ add_note args with_traceback
AssertionError	__cause__ __class__ __context__ __delattr__ __dict__ __dir__ __doc__ __eq__ __format__ __ge__ __getattribute__ __getstate__ __gt__ __hash__ __init__ __init_subclass__ __le__ __lt__ __ne__ __new__ __reduce__ __reduce_ex__ __repr__ __setattr__ __setstate__ __sizeof__ __str__ __subclasshook__ __suppress_context__ __traceback__ add_note args with_traceback
AttributeError	__cause__ __class__ __context__ __delattr__ __dict__ __dir__ __doc__ __eq__ __format__ __ge__ __getattribute__ __getstate__ __gt__ __hash__ __init__ __init_subclass__ __le__ __lt__ __ne__ __new__ __reduce__ __reduce_ex__ __repr__ __setattr__ __setstate__ __sizeof__ __str__ __subclasshook__ __suppress_context__ __traceback__ add_note args name obj with_traceback
BaseException	__cause__ __class__ __context__ __delattr__ __dict__ __dir__ __doc__ __eq__ __format__ __ge__ __getattribute__ __getstate__ __gt__ __hash__ __init__ __init_subclass__ __le__ __lt__ __ne__ __new__ __reduce__ __reduce_ex__ __repr__ __setattr__ __setstate__ __sizeof__ __str__ __subclasshook__ __suppress_context__ __traceback__ add_note args with_traceback
BaseExceptionGroup	__cause__ __class__ __class_getitem__ __context__ __delattr__ __dict__ __dir__ __doc__ __eq__ __format__ __ge__ __getattribute__ __getstate__ __gt__ __hash__ __init__ __init_subclass__ __le__ __lt__ __ne__ __new__ __reduce__ __reduce_ex__ __repr__ __setattr__ __setstate__ __sizeof__ __str__ __subclasshook__ __suppress_context__ __traceback__ add_note args derive exceptions message split subgroup with_traceback
BlockingIOError	__cause__ __class__ __context__ __delattr__ __dict__ __dir__ __doc__ __eq__ __format__ __ge__ __getattribute__ __getstate__ __gt__ __hash__ __init__ __init_subclass__ __le__ __lt__ __ne__ __new__ __reduce__ __reduce_ex__ __repr__ __setattr__ __setstate__ __sizeof__ __str__ __subclasshook__ __suppress_context__ __traceback__ add_note args characters_written errno filename filename2 strerror with_traceback
BrokenPipeError	__cause__ __class__ __context__ __delattr__ __dict__ __dir__ __doc__ __eq__ __format__ __ge__ __getattribute__ __getstate__ __gt__ __hash__ __init__ __init_subclass__ __le__ __lt__ __ne__ __new__ __reduce__ __reduce_ex__ __repr__ __setattr__ __setstate__ __sizeof__ __str__ __subclasshook__ __suppress_context__ __traceback__ add_note args characters_written errno filename filename2 strerror with_traceback
BufferError	__cause__ __class__ __context__ __delattr__ __dict__ __dir__ __doc__ __eq__ __format__ __ge__ __getattribute__ __getstate__ __gt__ __hash__ __init__ __init_subclass__ __le__ __lt__ __ne__ __new__ __reduce__ __reduce_ex__ __repr__ __setattr__ __setstate__ __sizeof__ __str__ __subclasshook__ __suppress_context__ __traceback__ add_note args with_traceback
BytesWarning	__cause__ __class__ __context__ __delattr__ __dict__ __dir__ __doc__ __eq__ __format__ __ge__ __getattribute__ __getstate__ __gt__ __hash__ __init__ __init_subclass__ __le__ __lt__ __ne__ __new__ __reduce__ __reduce_ex__ __repr__ __setattr__ __setstate__ __sizeof__ __str__ __subclasshook__ __suppress_context__ __traceback__ add_note args with_traceback
ChildProcessError	__cause__ __class__ __context__ __delattr__ __dict__ __dir__ __doc__ __eq__ __format__ __ge__ __getattribute__ __getstate__ __gt__ __hash__ __init__ __init_subclass__ __le__ __lt__ __ne__ __new__ __reduce__ __reduce_ex__ __repr__ __setattr__ __setstate__ __sizeof__ __str__ __subclasshook__ __suppress_context__ __traceback__ add_note args characters_written errno filename filename2 strerror with_traceback
ConnectionAbortedError	__cause__ __class__ __context__ __delattr__ __dict__ __dir__ __doc__ __eq__ __format__ __ge__ __getattribute__ __getstate__ __gt__ __hash__ __init__ __init_subclass__ __le__ __lt__ __ne__ __new__ __reduce__ __reduce_ex__ __repr__ __setattr__ __setstate__ __sizeof__ __str__ __subclasshook__ __suppress_context__ __traceback__ add_note args characters_written errno filename filename2 strerror with_traceback
ConnectionError	__cause__ __class__ __context__ __delattr__ __dict__ __dir__ __doc__ __eq__ __format__ __ge__ __getattribute__ __getstate__ __gt__ __hash__ __init__ __init_subclass__ __le__ __lt__ __ne__ __new__ __reduce__ __reduce_ex__ __repr__ __setattr__ __setstate__ __sizeof__ __str__ __subclasshook__ __suppress_context__ __traceback__ add_note args characters_written errno filename filename2 strerror with_traceback
ConnectionRefusedError	__cause__ __class__ __context__ __delattr__ __dict__ __dir__ __doc__ __eq__ __format__ __ge__ __getattribute__ __getstate__ __gt__ __hash__ __init__ __init_subclass__ __le__ __lt__ __ne__ __new__ __reduce__ __reduce_ex__ __repr__ __setattr__ __setstate__ __sizeof__ __str__ __subclasshook__ __suppress_context__ __traceback__ add_note args characters_written errno filename filename2 strerror with_traceback
ConnectionResetError	__cause__ __class__ __context__ __delattr__ __dict__ __dir__ __doc__ __eq__ __format__ __ge__ __getattribute__ __getstate__ __gt__ __hash__ __init__ __init_subclass__ __le__ __lt__ __ne__ __new__ __reduce__ __reduce_ex__ __repr__ __setattr__ __setstate__ __sizeof__ __str__ __subclasshook__ __suppress_context__ __traceback__ add_note args characters_written errno filename filename2 strerror with_traceback
DeprecationWarning	__cause__ __class__ __context__ __delattr__ __dict__ __dir__ __doc__ __eq__ __format__ __ge__ __getattribute__ __getstate__ __gt__ __hash__ __init__ __init_subclass__ __le__ __lt__ __ne__ __new__ __reduce__ __reduce_ex__ __repr__ __setattr__ __setstate__ __sizeof__ __str__ __subclasshook__ __suppress_context__ __traceback__ add_note args with_traceback
EOFError	__cause__ __class__ __context__ __delattr__ __dict__ __dir__ __doc__ __eq__ __format__ __ge__ __getattribute__ __getstate__ __gt__ __hash__ __init__ __init_subclass__ __le__ __lt__ __ne__ __new__ __reduce__ __reduce_ex__ __repr__ __setattr__ __setstate__ __sizeof__ __str__ __subclasshook__ __suppress_context__ __traceback__ add_note args with_traceback
EncodingWarning	__cause__ __class__ __context__ __delattr__ __dict__ __dir__ __doc__ __eq__ __format__ __ge__ __getattribute__ __getstate__ __gt__ __hash__ __init__ __init_subclass__ __le__ __lt__ __ne__ __new__ __reduce__ __reduce_ex__ __repr__ __setattr__ __setstate__ __sizeof__ __str__ __subclasshook__ __suppress_context__ __traceback__ add_note args with_traceback
EnvironmentError	__cause__ __class__ __context__ __delattr__ __dict__ __dir__ __doc__ __eq__ __format__ __ge__ __getattribute__ __getstate__ __gt__ __hash__ __init__ __init_subclass__ __le__ __lt__ __ne__ __new__ __reduce__ __reduce_ex__ __repr__ __setattr__ __setstate__ __sizeof__ __str__ __subclasshook__ __suppress_context__ __traceback__ add_note args characters_written errno filename filename2 strerror with_traceback
Exception	__cause__ __class__ __context__ __delattr__ __dict__ __dir__ __doc__ __eq__ __format__ __ge__ __getattribute__ __getstate__ __gt__ __hash__ __init__ __init_subclass__ __le__ __lt__ __ne__ __new__ __reduce__ __reduce_ex__ __repr__ __setattr__ __setstate__ __sizeof__ __str__ __subclasshook__ __suppress_context__ __traceback__ add_note args with_traceback
ExceptionGroup	__cause__ __class__ __class_getitem__ __context__ __delattr__ __dict__ __dir__ __doc__ __eq__ __format__ __ge__ __getattribute__ __getstate__ __gt__ __hash__ __init__ __init_subclass__ __le__ __lt__ __module__ __ne__ __new__ __reduce__ __reduce_ex__ __repr__ __setattr__ __setstate__ __sizeof__ __str__ __subclasshook__ __suppress_context__ __traceback__ __weakref__ add_note args derive exceptions message split subgroup with_traceback
FileExistsError	__cause__ __class__ __context__ __delattr__ __dict__ __dir__ __doc__ __eq__ __format__ __ge__ __getattribute__ __getstate__ __gt__ __hash__ __init__ __init_subclass__ __le__ __lt__ __ne__ __new__ __reduce__ __reduce_ex__ __repr__ __setattr__ __setstate__ __sizeof__ __str__ __subclasshook__ __suppress_context__ __traceback__ add_note args characters_written errno filename filename2 strerror with_traceback
FileNotFoundError	__cause__ __class__ __context__ __delattr__ __dict__ __dir__ __doc__ __eq__ __format__ __ge__ __getattribute__ __getstate__ __gt__ __hash__ __init__ __init_subclass__ __le__ __lt__ __ne__ __new__ __reduce__ __reduce_ex__ __repr__ __setattr__ __setstate__ __sizeof__ __str__ __subclasshook__ __suppress_context__ __traceback__ add_note args characters_written errno filename filename2 strerror with_traceback
FloatingPointError	__cause__ __class__ __context__ __delattr__ __dict__ __dir__ __doc__ __eq__ __format__ __ge__ __getattribute__ __getstate__ __gt__ __hash__ __init__ __init_subclass__ __le__ __lt__ __ne__ __new__ __reduce__ __reduce_ex__ __repr__ __setattr__ __setstate__ __sizeof__ __str__ __subclasshook__ __suppress_context__ __traceback__ add_note args with_traceback
FutureWarning	__cause__ __class__ __context__ __delattr__ __dict__ __dir__ __doc__ __eq__ __format__ __ge__ __getattribute__ __getstate__ __gt__ __hash__ __init__ __init_subclass__ __le__ __lt__ __ne__ __new__ __reduce__ __reduce_ex__ __repr__ __setattr__ __setstate__ __sizeof__ __str__ __subclasshook__ __suppress_context__ __traceback__ add_note args with_traceback
GeneratorExit	__cause__ __class__ __context__ __delattr__ __dict__ __dir__ __doc__ __eq__ __format__ __ge__ __getattribute__ __getstate__ __gt__ __hash__ __init__ __init_subclass__ __le__ __lt__ __ne__ __new__ __reduce__ __reduce_ex__ __repr__ __setattr__ __setstate__ __sizeof__ __str__ __subclasshook__ __suppress_context__ __traceback__ add_note args with_traceback
IOError	__cause__ __class__ __context__ __delattr__ __dict__ __dir__ __doc__ __eq__ __format__ __ge__ __getattribute__ __getstate__ __gt__ __hash__ __init__ __init_subclass__ __le__ __lt__ __ne__ __new__ __reduce__ __reduce_ex__ __repr__ __setattr__ __setstate__ __sizeof__ __str__ __subclasshook__ __suppress_context__ __traceback__ add_note args characters_written errno filename filename2 strerror with_traceback
ImportError	__cause__ __class__ __context__ __delattr__ __dict__ __dir__ __doc__ __eq__ __format__ __ge__ __getattribute__ __getstate__ __gt__ __hash__ __init__ __init_subclass__ __le__ __lt__ __ne__ __new__ __reduce__ __reduce_ex__ __repr__ __setattr__ __setstate__ __sizeof__ __str__ __subclasshook__ __suppress_context__ __traceback__ add_note args msg name name_from path with_traceback
ImportWarning	__cause__ __class__ __context__ __delattr__ __dict__ __dir__ __doc__ __eq__ __format__ __ge__ __getattribute__ __getstate__ __gt__ __hash__ __init__ __init_subclass__ __le__ __lt__ __ne__ __new__ __reduce__ __reduce_ex__ __repr__ __setattr__ __setstate__ __sizeof__ __str__ __subclasshook__ __suppress_context__ __traceback__ add_note args with_traceback
IndentationError	__cause__ __class__ __context__ __delattr__ __dict__ __dir__ __doc__ __eq__ __format__ __ge__ __getattribute__ __getstate__ __gt__ __hash__ __init__ __init_subclass__ __le__ __lt__ __ne__ __new__ __reduce__ __reduce_ex__ __repr__ __setattr__ __setstate__ __sizeof__ __str__ __subclasshook__ __suppress_context__ __traceback__ add_note args end_lineno end_offset filename lineno msg offset print_file_and_line text with_traceback
IndexError	__cause__ __class__ __context__ __delattr__ __dict__ __dir__ __doc__ __eq__ __format__ __ge__ __getattribute__ __getstate__ __gt__ __hash__ __init__ __init_subclass__ __le__ __lt__ __ne__ __new__ __reduce__ __reduce_ex__ __repr__ __setattr__ __setstate__ __sizeof__ __str__ __subclasshook__ __suppress_context__ __traceback__ add_note args with_traceback
InterruptedError	__cause__ __class__ __context__ __delattr__ __dict__ __dir__ __doc__ __eq__ __format__ __ge__ __getattribute__ __getstate__ __gt__ __hash__ __init__ __init_subclass__ __le__ __lt__ __ne__ __new__ __reduce__ __reduce_ex__ __repr__ __setattr__ __setstate__ __sizeof__ __str__ __subclasshook__ __suppress_context__ __traceback__ add_note args characters_written errno filename filename2 strerror with_traceback
IsADirectoryError	__cause__ __class__ __context__ __delattr__ __dict__ __dir__ __doc__ __eq__ __format__ __ge__ __getattribute__ __getstate__ __gt__ __hash__ __init__ __init_subclass__ __le__ __lt__ __ne__ __new__ __reduce__ __reduce_ex__ __repr__ __setattr__ __setstate__ __sizeof__ __str__ __subclasshook__ __suppress_context__ __traceback__ add_note args characters_written errno filename filename2 strerror with_traceback
KeyError	__cause__ __class__ __context__ __delattr__ __dict__ __dir__ __doc__ __eq__ __format__ __ge__ __getattribute__ __getstate__ __gt__ __hash__ __init__ __init_subclass__ __le__ __lt__ __ne__ __new__ __reduce__ __reduce_ex__ __repr__ __setattr__ __setstate__ __sizeof__ __str__ __subclasshook__ __suppress_context__ __traceback__ add_note args with_traceback
KeyboardInterrupt	__cause__ __class__ __context__ __delattr__ __dict__ __dir__ __doc__ __eq__ __format__ __ge__ __getattribute__ __getstate__ __gt__ __hash__ __init__ __init_subclass__ __le__ __lt__ __ne__ __new__ __reduce__ __reduce_ex__ __repr__ __setattr__ __setstate__ __sizeof__ __str__ __subclasshook__ __suppress_context__ __traceback__ add_note args with_traceback
LookupError	__cause__ __class__ __context__ __delattr__ __dict__ __dir__ __doc__ __eq__ __format__ __ge__ __getattribute__ __getstate__ __gt__ __hash__ __init__ __init_subclass__ __le__ __lt__ __ne__ __new__ __reduce__ __reduce_ex__ __repr__ __setattr__ __setstate__ __sizeof__ __str__ __subclasshook__ __suppress_context__ __traceback__ add_note args with_traceback
MemoryError	__cause__ __class__ __context__ __delattr__ __dict__ __dir__ __doc__ __eq__ __format__ __ge__ __getattribute__ __getstate__ __gt__ __hash__ __init__ __init_subclass__ __le__ __lt__ __ne__ __new__ __reduce__ __reduce_ex__ __repr__ __setattr__ __setstate__ __sizeof__ __str__ __subclasshook__ __suppress_context__ __traceback__ add_note args with_traceback
ModuleNotFoundError	__cause__ __class__ __context__ __delattr__ __dict__ __dir__ __doc__ __eq__ __format__ __ge__ __getattribute__ __getstate__ __gt__ __hash__ __init__ __init_subclass__ __le__ __lt__ __ne__ __new__ __reduce__ __reduce_ex__ __repr__ __setattr__ __setstate__ __sizeof__ __str__ __subclasshook__ __suppress_context__ __traceback__ add_note args msg name name_from path with_traceback
NameError	__cause__ __class__ __context__ __delattr__ __dict__ __dir__ __doc__ __eq__ __format__ __ge__ __getattribute__ __getstate__ __gt__ __hash__ __init__ __init_subclass__ __le__ __lt__ __ne__ __new__ __reduce__ __reduce_ex__ __repr__ __setattr__ __setstate__ __sizeof__ __str__ __subclasshook__ __suppress_context__ __traceback__ add_note args name with_traceback
NotADirectoryError	__cause__ __class__ __context__ __delattr__ __dict__ __dir__ __doc__ __eq__ __format__ __ge__ __getattribute__ __getstate__ __gt__ __hash__ __init__ __init_subclass__ __le__ __lt__ __ne__ __new__ __reduce__ __reduce_ex__ __repr__ __setattr__ __setstate__ __sizeof__ __str__ __subclasshook__ __suppress_context__ __traceback__ add_note args characters_written errno filename filename2 strerror with_traceback
NotImplementedError	__cause__ __class__ __context__ __delattr__ __dict__ __dir__ __doc__ __eq__ __format__ __ge__ __getattribute__ __getstate__ __gt__ __hash__ __init__ __init_subclass__ __le__ __lt__ __ne__ __new__ __reduce__ __reduce_ex__ __repr__ __setattr__ __setstate__ __sizeof__ __str__ __subclasshook__ __suppress_context__ __traceback__ add_note args with_traceback
OSError	__cause__ __class__ __context__ __delattr__ __dict__ __dir__ __doc__ __eq__ __format__ __ge__ __getattribute__ __getstate__ __gt__ __hash__ __init__ __init_subclass__ __le__ __lt__ __ne__ __new__ __reduce__ __reduce_ex__ __repr__ __setattr__ __setstate__ __sizeof__ __str__ __subclasshook__ __suppress_context__ __traceback__ add_note args characters_written errno filename filename2 strerror with_traceback
OverflowError	__cause__ __class__ __context__ __delattr__ __dict__ __dir__ __doc__ __eq__ __format__ __ge__ __getattribute__ __getstate__ __gt__ __hash__ __init__ __init_subclass__ __le__ __lt__ __ne__ __new__ __reduce__ __reduce_ex__ __repr__ __setattr__ __setstate__ __sizeof__ __str__ __subclasshook__ __suppress_context__ __traceback__ add_note args with_traceback
PendingDeprecationWarning	__cause__ __class__ __context__ __delattr__ __dict__ __dir__ __doc__ __eq__ __format__ __ge__ __getattribute__ __getstate__ __gt__ __hash__ __init__ __init_subclass__ __le__ __lt__ __ne__ __new__ __reduce__ __reduce_ex__ __repr__ __setattr__ __setstate__ __sizeof__ __str__ __subclasshook__ __suppress_context__ __traceback__ add_note args with_traceback
PermissionError	__cause__ __class__ __context__ __delattr__ __dict__ __dir__ __doc__ __eq__ __format__ __ge__ __getattribute__ __getstate__ __gt__ __hash__ __init__ __init_subclass__ __le__ __lt__ __ne__ __new__ __reduce__ __reduce_ex__ __repr__ __setattr__ __setstate__ __sizeof__ __str__ __subclasshook__ __suppress_context__ __traceback__ add_note args characters_written errno filename filename2 strerror with_traceback
ProcessLookupError	__cause__ __class__ __context__ __delattr__ __dict__ __dir__ __doc__ __eq__ __format__ __ge__ __getattribute__ __getstate__ __gt__ __hash__ __init__ __init_subclass__ __le__ __lt__ __ne__ __new__ __reduce__ __reduce_ex__ __repr__ __setattr__ __setstate__ __sizeof__ __str__ __subclasshook__ __suppress_context__ __traceback__ add_note args characters_written errno filename filename2 strerror with_traceback
PythonFinalizationError	__cause__ __class__ __context__ __delattr__ __dict__ __dir__ __doc__ __eq__ __format__ __ge__ __getattribute__ __getstate__ __gt__ __hash__ __init__ __init_subclass__ __le__ __lt__ __ne__ __new__ __reduce__ __reduce_ex__ __repr__ __setattr__ __setstate__ __sizeof__ __str__ __subclasshook__ __suppress_context__ __traceback__ add_note args with_traceback
RecursionError	__cause__ __class__ __context__ __delattr__ __dict__ __dir__ __doc__ __eq__ __format__ __ge__ __getattribute__ __getstate__ __gt__ __hash__ __init__ __init_subclass__ __le__ __lt__ __ne__ __new__ __reduce__ __reduce_ex__ __repr__ __setattr__ __setstate__ __sizeof__ __str__ __subclasshook__ __suppress_context__ __traceback__ add_note args with_traceback
ReferenceError	__cause__ __class__ __context__ __delattr__ __dict__ __dir__ __doc__ __eq__ __format__ __ge__ __getattribute__ __getstate__ __gt__ __hash__ __init__ __init_subclass__ __le__ __lt__ __ne__ __new__ __reduce__ __reduce_ex__ __repr__ __setattr__ __setstate__ __sizeof__ __str__ __subclasshook__ __suppress_context__ __traceback__ add_note args with_traceback
ResourceWarning	__cause__ __class__ __context__ __delattr__ __dict__ __dir__ __doc__ __eq__ __format__ __ge__ __getattribute__ __getstate__ __gt__ __hash__ __init__ __init_subclass__ __le__ __lt__ __ne__ __new__ __reduce__ __reduce_ex__ __repr__ __setattr__ __setstate__ __sizeof__ __str__ __subclasshook__ __suppress_context__ __traceback__ add_note args with_traceback
RuntimeError	__cause__ __class__ __context__ __delattr__ __dict__ __dir__ __doc__ __eq__ __format__ __ge__ __getattribute__ __getstate__ __gt__ __hash__ __init__ __init_subclass__ __le__ __lt__ __ne__ __new__ __reduce__ __reduce_ex__ __repr__ __setattr__ __setstate__ __sizeof__ __str__ __subclasshook__ __suppress_context__ __traceback__ add_note args with_traceback
RuntimeWarning	__cause__ __class__ __context__ __delattr__ __dict__ __dir__ __doc__ __eq__ __format__ __ge__ __getattribute__ __getstate__ __gt__ __hash__ __init__ __init_subclass__ __le__ __lt__ __ne__ __new__ __reduce__ __reduce_ex__ __repr__ __setattr__ __setstate__ __sizeof__ __str__ __subclasshook__ __suppress_context__ __traceback__ add_note args with_traceback
StopAsyncIteration	__cause__ __class__ __context__ __delattr__ __dict__ __dir__ __doc__ __eq__ __format__ __ge__ __getattribute__ __getstate__ __gt__ __hash__ __init__ __init_subclass__ __le__ __lt__ __ne__ __new__ __reduce__ __reduce_ex__ __repr__ __setattr__ __setstate__ __sizeof__ __str__ __subclasshook__ __suppress_context__ __traceback__ add_note args with_traceback
StopIteration	__cause__ __class__ __context__ __delattr__ __dict__ __dir__ __doc__ __eq__ __format__ __ge__ __getattribute__ __getstate__ __gt__ __hash__ __init__ __init_subclass__ __le__ __lt__ __ne__ __new__ __reduce__ __reduce_ex__ __repr__ __setattr__ __setstate__ __sizeof__ __str__ __subclasshook__ __suppress_context__ __traceback__ add_note args value with_traceback
SyntaxError	__cause__ __class__ __context__ __delattr__ __dict__ __dir__ __doc__ __eq__ __format__ __ge__ __getattribute__ __getstate__ __gt__ __hash__ __init__ __init_subclass__ __le__ __lt__ __ne__ __new__ __reduce__ __reduce_ex__ __repr__ __setattr__ __setstate__ __sizeof__ __str__ __subclasshook__ __suppress_context__ __traceback__ add_note args end_lineno end_offset filename lineno msg offset print_file_and_line text with_traceback
SyntaxWarning	__cause__ __class__ __context__ __delattr__ __dict__ __dir__ __doc__ __eq__ __format__ __ge__ __getattribute__ __getstate__ __gt__ __hash__ __init__ __init_subclass__ __le__ __lt__ __ne__ __new__ __reduce__ __reduce_ex__ __repr__ __setattr__ __setstate__ __sizeof__ __str__ __subclasshook__ __suppress_context__ __traceback__ add_note args with_traceback
SystemError	__cause__ __class__ __context__ __delattr__ __dict__ __dir__ __doc__ __eq__ __format__ __ge__ __getattribute__ __getstate__ __gt__ __hash__ __init__ __init_subclass__ __le__ __lt__ __ne__ __new__ __reduce__ __reduce_ex__ __repr__ __setattr__ __setstate__ __sizeof__ __str__ __subclasshook__ __suppress_context__ __traceback__ add_note args with_traceback
SystemExit	__cause__ __class__ __context__ __delattr__ __dict__ __dir__ __doc__ __eq__ __format__ __ge__ __getattribute__ __getstate__ __gt__ __hash__ __init__ __init_subclass__ __le__ __lt__ __ne__ __new__ __reduce__ __reduce_ex__ __repr__ __setattr__ __setstate__ __sizeof__ __str__ __subclasshook__ __suppress_context__ __traceback__ add_note args code with_traceback
TabError	__cause__ __class__ __context__ __delattr__ __dict__ __dir__ __doc__ __eq__ __format__ __ge__ __getattribute__ __getstate__ __gt__ __hash__ __init__ __init_subclass__ __le__ __lt__ __ne__ __new__ __reduce__ __reduce_ex__ __repr__ __setattr__ __setstate__ __sizeof__ __str__ __subclasshook__ __suppress_context__ __traceback__ add_note args end_lineno end_offset filename lineno msg offset print_file_and_line text with_traceback
TimeoutError	__cause__ __class__ __context__ __delattr__ __dict__ __dir__ __doc__ __eq__ __format__ __ge__ __getattribute__ __getstate__ __gt__ __hash__ __init__ __init_subclass__ __le__ __lt__ __ne__ __new__ __reduce__ __reduce_ex__ __repr__ __setattr__ __setstate__ __sizeof__ __str__ __subclasshook__ __suppress_context__ __traceback__ add_note args characters_written errno filename filename2 strerror with_traceback
TypeError	__cause__ __class__ __context__ __delattr__ __dict__ __dir__ __doc__ __eq__ __format__ __ge__ __getattribute__ __getstate__ __gt__ __hash__ __init__ __init_subclass__ __le__ __lt__ __ne__ __new__ __reduce__ __reduce_ex__ __repr__ __setattr__ __setstate__ __sizeof__ __str__ __subclasshook__ __suppress_context__ __traceback__ add_note args with_traceback
UnboundLocalError	__cause__ __class__ __context__ __delattr__ __dict__ __dir__ __doc__ __eq__ __format__ __ge__ __getattribute__ __getstate__ __gt__ __hash__ __init__ __init_subclass__ __le__ __lt__ __ne__ __new__ __reduce__ __reduce_ex__ __repr__ __setattr__ __setstate__ __sizeof__ __str__ __subclasshook__ __suppress_context__ __traceback__ add_note args name with_traceback
UnicodeDecodeError	__cause__ __class__ __context__ __delattr__ __dict__ __dir__ __doc__ __eq__ __format__ __ge__ __getattribute__ __getstate__ __gt__ __hash__ __init__ __init_subclass__ __le__ __lt__ __ne__ __new__ __reduce__ __reduce_ex__ __repr__ __setattr__ __setstate__ __sizeof__ __str__ __subclasshook__ __suppress_context__ __traceback__ add_note args encoding end object reason start with_traceback
UnicodeEncodeError	__cause__ __class__ __context__ __delattr__ __dict__ __dir__ __doc__ __eq__ __format__ __ge__ __getattribute__ __getstate__ __gt__ __hash__ __init__ __init_subclass__ __le__ __lt__ __ne__ __new__ __reduce__ __reduce_ex__ __repr__ __setattr__ __setstate__ __sizeof__ __str__ __subclasshook__ __suppress_context__ __traceback__ add_note args encoding end object reason start with_traceback
UnicodeError	__cause__ __class__ __context__ __delattr__ __dict__ __dir__ __doc__ __eq__ __format__ __ge__ __getattribute__ __getstate__ __gt__ __hash__ __init__ __init_subclass__ __le__ __lt__ __ne__ __new__ __reduce__ __reduce_ex__ __repr__ __setattr__ __setstate__ __sizeof__ __str__ __subclasshook__ __suppress_context__ __traceback__ add_note args with_traceback
UnicodeTranslateError	__cause__ __class__ __context__ __delattr__ __dict__ __dir__ __doc__ __eq__ __format__ __ge__ __getattribute__ __getstate__ __gt__ __hash__ __init__ __init_subclass__ __le__ __lt__ __ne__ __new__ __reduce__ __reduce_ex__ __repr__ __setattr__ __setstate__ __sizeof__ __str__ __subclasshook__ __suppress_context__ __traceback__ add_note args encoding end object reason start with_traceback
UnicodeWarning	__cause__ __class__ __context__ __delattr__ __dict__ __dir__ __doc__ __eq__ __format__ __ge__ __getattribute__ __getstate__ __gt__ __hash__ __init__ __init_subclass__ __le__ __lt__ __ne__ __new__ __reduce__ __reduce_ex__ __repr__ __setattr__ __setstate__ __sizeof__ __str__ __subclasshook__ __suppress_context__ __traceback__ add_note args with_traceback
UserWarning	__cause__ __class__ __context__ __delattr__ __dict__ __dir__ __doc__ __eq__ __format__ __ge__ __getattribute__ __getstate__ __gt__ __hash__ __init__ __init_subclass__ __le__ __lt__ __ne__ __new__ __reduce__ __reduce_ex__ __repr__ __setattr__ __setstate__ __sizeof__ __str__ __subclasshook__ __suppress_context__ __traceback__ add_note args with_traceback
ValueError	__cause__ __class__ __context__ __delattr__ __dict__ __dir__ __doc__ __eq__ __format__ __ge__ __getattribute__ __getstate__ __gt__ __hash__ __init__ __init_subclass__ __le__ __lt__ __ne__ __new__ __reduce__ __reduce_ex__ __repr__ __setattr__ __setstate__ __sizeof__ __str__ __subclasshook__ __suppress_context__ __traceback__ add_note args with_traceback
Warning	__cause__ __class__ __context__ __delattr__ __dict__ __dir__ __doc__ __eq__ __format__ __ge__ __getattribute__ __getstate__ __gt__ __hash__ __init__ __init_subclass__ __le__ __lt__ __ne__ __new__ __reduce__ __reduce_ex__ __repr__ __setattr__ __setstate__ __sizeof__ __str__ __subclasshook__ __suppress_context__ __traceback__ add_note args with_traceback
ZeroDivisionError	__cause__ __class__ __context__ __delattr__ __dict__ __dir__ __doc__ __eq__ __format__ __ge__ __getattribute__ __getstate__ __gt__ __hash__ __init__ __init_subclass__ __le__ __lt__ __ne__ __new__ __reduce__ __reduce_ex__ __repr__ __setattr__ __setstate__ __sizeof__ __str__ __subclasshook__ __suppress_context__ __traceback__ add_note args with_traceback
_IncompleteInputError	__cause__ __class__ __context__ __delattr__ __dict__ __dir__ __doc__ __eq__ __format__ __ge__ __getattribute__ __getstate__ __gt__ __hash__ __init__ __init_subclass__ __le__ __lt__ __ne__ __new__ __reduce__ __reduce_ex__ __repr__ __setattr__ __setstate__ __sizeof__ __str__ __subclasshook__ __suppress_context__ __traceback__ add_note args end_lineno end_offset filename lineno msg offset print_file_and_line text with_traceback
__loader__	_ORIGIN __class__ __delattr__ __dict__ __dir__ __doc__ __eq__ __firstlineno__ __format__ __ge__ __getattribute__ __getstate__ __gt__ __hash__ __init__ __init_subclass__ __le__ __lt__ __module__ __ne__ __new__ __reduce__ __reduce_ex__ __repr__ __setattr__ __sizeof__ __static_attributes__ __str__ __subclasshook__ __weakref__ create_module exec_module find_spec get_code get_source is_package load_module
bool	__abs__ __add__ __and__ __bool__ __ceil__ __class__ __delattr__ __dir__ __divmod__ __doc__ __eq__ __float__ __floor__ __floordiv__ __format__ __ge__ __getattribute__ __getnewargs__ __getstate__ __gt__ __hash__ __index__ __init__ __init_subclass__ __int__ __invert__ __le__ __lshift__ __lt__ __mod__ __mul__ __ne__ __neg__ __new__ __or__ __pos__ __pow__ __radd__ __rand__ __rdivmod__ __reduce__ __reduce_ex__ __repr__ __rfloordiv__ __rlshift__ __rmod__ __rmul__ __ror__ __round__ __rpow__ __rrshift__ __rshift__ __rsub__ __rtruediv__ __rxor__ __setattr__ __sizeof__ __str__ __sub__ __subclasshook__ __truediv__ __trunc__ __xor__ as_integer_ratio bit_count bit_length conjugate denominator from_bytes imag is_integer numerator real to_bytes
bytearray	__add__ __alloc__ __buffer__ __class__ __contains__ __delattr__ __delitem__ __dir__ __doc__ __eq__ __format__ __ge__ __getattribute__ __getitem__ __getstate__ __gt__ __hash__ __iadd__ __imul__ __init__ __init_subclass__ __iter__ __le__ __len__ __lt__ __mod__ __mul__ __ne__ __new__ __reduce__ __reduce_ex__ __release_buffer__ __repr__ __rmod__ __rmul__ __setattr__ __setitem__ __sizeof__ __str__ __subclasshook__ append capitalize center clear copy count decode endswith expandtabs extend find fromhex hex index insert isalnum isalpha isascii isdigit islower isspace istitle isupper join ljust lower lstrip maketrans partition pop remove removeprefix removesuffix replace reverse rfind rindex rjust rpartition rsplit rstrip split splitlines startswith strip swapcase title translate upper zfill
bytes	__add__ __buffer__ __bytes__ __class__ __contains__ __delattr__ __dir__ __doc__ __eq__ __format__ __ge__ __getattribute__ __getitem__ __getnewargs__ __getstate__ __gt__ __hash__ __init__ __init_subclass__ __iter__ __le__ __len__ __lt__ __mod__ __mul__ __ne__ __new__ __reduce__ __reduce_ex__ __repr__ __rmod__ __rmul__ __setattr__ __sizeof__ __str__ __subclasshook__ capitalize center count decode endswith expandtabs find fromhex hex index isalnum isalpha isascii isdigit islower isspace istitle isupper join ljust lower lstrip maketrans partition removeprefix removesuffix replace rfind rindex rjust rpartition rsplit rstrip split splitlines startswith strip swapcase title translate upper zfill
classmethod	__class__ __delattr__ __dict__ __dir__ __doc__ __eq__ __format__ __func__ __ge__ __get__ __getattribute__ __getstate__ __gt__ __hash__ __init__ __init_subclass__ __isabstractmethod__ __le__ __lt__ __ne__ __new__ __reduce__ __reduce_ex__ __repr__ __setattr__ __sizeof__ __str__ __subclasshook__ __wrapped__
complex	__abs__ __add__ __bool__ __class__ __complex__ __delattr__ __dir__ __doc__ __eq__ __format__ __ge__ __getattribute__ __getnewargs__ __getstate__ __gt__ __hash__ __init__ __init_subclass__ __le__ __lt__ __mul__ __ne__ __neg__ __new__ __pos__ __pow__ __radd__ __reduce__ __reduce_ex__ __repr__ __rmul__ __rpow__ __rsub__ __rtruediv__ __setattr__ __sizeof__ __str__ __sub__ __subclasshook__ __truediv__ conjugate imag real
dict	__class__ __class_getitem__ __contains__ __delattr__ __delitem__ __dir__ __doc__ __eq__ __format__ __ge__ __getattribute__ __getitem__ __getstate__ __gt__ __hash__ __init__ __init_subclass__ __ior__ __iter__ __le__ __len__ __lt__ __ne__ __new__ __or__ __reduce__ __reduce_ex__ __repr__ __reversed__ __ror__ __setattr__ __setitem__ __sizeof__ __str__ __subclasshook__ clear copy fromkeys get items keys pop popitem setdefault update values
enumerate	__class__ __class_getitem__ __delattr__ __dir__ __doc__ __eq__ __format__ __ge__ __getattribute__ __getstate__ __gt__ __hash__ __init__ __init_subclass__ __iter__ __le__ __lt__ __ne__ __new__ __next__ __reduce__ __reduce_ex__ __repr__ __setattr__ __sizeof__ __str__ __subclasshook__
filter	__class__ __delattr__ __dir__ __doc__ __eq__ __format__ __ge__ __getattribute__ __getstate__ __gt__ __hash__ __init__ __init_subclass__ __iter__ __le__ __lt__ __ne__ __new__ __next__ __reduce__ __reduce_ex__ __repr__ __setattr__ __sizeof__ __str__ __subclasshook__
float	__abs__ __add__ __bool__ __ceil__ __class__ __delattr__ __dir__ __divmod__ __doc__ __eq__ __float__ __floor__ __floordiv__ __format__ __ge__ __getattribute__ __getformat__ __getnewargs__ __getstate__ __gt__ __hash__ __init__ __init_subclass__ __int__ __le__ __lt__ __mod__ __mul__ __ne__ __neg__ __new__ __pos__ __pow__ __radd__ __rdivmod__ __reduce__ __reduce_ex__ __repr__ __rfloordiv__ __rmod__ __rmul__ __round__ __rpow__ __rsub__ __rtruediv__ __setattr__ __sizeof__ __str__ __sub__ __subclasshook__ __truediv__ __trunc__ as_integer_ratio conjugate fromhex hex imag is_integer real
frozenset	__and__ __class__ __class_getitem__ __contains__ __delattr__ __dir__ __doc__ __eq__ __format__ __ge__ __getattribute__ __getstate__ __gt__ __hash__ __init__ __init_subclass__ __iter__ __le__ __len__ __lt__ __ne__ __new__ __or__ __rand__ __reduce__ __reduce_ex__ __repr__ __ror__ __rsub__ __rxor__ __setattr__ __sizeof__ __str__ __sub__ __subclasshook__ __xor__ copy difference intersection isdisjoint issubset issuperset symmetric_difference union
int	__abs__ __add__ __and__ __bool__ __ceil__ __class__ __delattr__ __dir__ __divmod__ __doc__ __eq__ __float__ __floor__ __floordiv__ __format__ __ge__ __getattribute__ __getnewargs__ __getstate__ __gt__ __hash__ __index__ __init__ __init_subclass__ __int__ __invert__ __le__ __lshift__ __lt__ __mod__ __mul__ __ne__ __neg__ __new__ __or__ __pos__ __pow__ __radd__ __rand__ __rdivmod__ __reduce__ __reduce_ex__ __repr__ __rfloordiv__ __rlshift__ __rmod__ __rmul__ __ror__ __round__ __rpow__ __rrshift__ __rshift__ __rsub__ __rtruediv__ __rxor__ __setattr__ __sizeof__ __str__ __sub__ __subclasshook__ __truediv__ __trunc__ __xor__ as_integer_ratio bit_count bit_length conjugate denominator from_bytes imag is_integer numerator real to_bytes
list	__add__ __class__ __class_getitem__ __contains__ __delattr__ __delitem__ __dir__ __doc__ __eq__ __format__ __ge__ __getattribute__ __getitem__ __getstate__ __gt__ __hash__ __iadd__ __imul__ __init__ __init_subclass__ __iter__ __le__ __len__ __lt__ __mul__ __ne__ __new__ __reduce__ __reduce_ex__ __repr__ __reversed__ __rmul__ __setattr__ __setitem__ __sizeof__ __str__ __subclasshook__ append clear copy count extend index insert pop remove reverse sort
map	__class__ __delattr__ __dir__ __doc__ __eq__ __format__ __ge__ __getattribute__ __getstate__ __gt__ __hash__ __init__ __init_subclass__ __iter__ __le__ __lt__ __ne__ __new__ __next__ __reduce__ __reduce_ex__ __repr__ __setattr__ __sizeof__ __str__ __subclasshook__
memoryview	__buffer__ __class__ __delattr__ __delitem__ __dir__ __doc__ __enter__ __eq__ __exit__ __format__ __ge__ __getattribute__ __getitem__ __getstate__ __gt__ __hash__ __init__ __init_subclass__ __iter__ __le__ __len__ __lt__ __ne__ __new__ __reduce__ __reduce_ex__ __release_buffer__ __repr__ __setattr__ __setitem__ __sizeof__ __str__ __subclasshook__ _from_flags c_contiguous cast contiguous f_contiguous format hex itemsize nbytes ndim obj readonly release shape strides suboffsets tobytes tolist toreadonly
object	__class__ __delattr__ __dir__ __doc__ __eq__ __format__ __ge__ __getattribute__ __getstate__ __gt__ __hash__ __init__ __init_subclass__ __le__ __lt__ __ne__ __new__ __reduce__ __reduce_ex__ __repr__ __setattr__ __sizeof__ __str__ __subclasshook__
property	__class__ __delattr__ __delete__ __dir__ __doc__ __eq__ __format__ __ge__ __get__ __getattribute__ __getstate__ __gt__ __hash__ __init__ __init_subclass__ __isabstractmethod__ __le__ __lt__ __name__ __ne__ __new__ __reduce__ __reduce_ex__ __repr__ __set__ __set_name__ __setattr__ __sizeof__ __str__ __subclasshook__ deleter fdel fget fset getter setter
range	__bool__ __class__ __contains__ __delattr__ __dir__ __doc__ __eq__ __format__ __ge__ __getattribute__ __getitem__ __getstate__ __gt__ __hash__ __init__ __init_subclass__ __iter__ __le__ __len__ __lt__ __ne__ __new__ __reduce__ __reduce_ex__ __repr__ __reversed__ __setattr__ __sizeof__ __str__ __subclasshook__ count index start step stop
reversed	__class__ __delattr__ __dir__ __doc__ __eq__ __format__ __ge__ __getattribute__ __getstate__ __gt__ __hash__ __init__ __init_subclass__ __iter__ __le__ __length_hint__ __lt__ __ne__ __new__ __next__ __reduce__ __reduce_ex__ __repr__ __setattr__ __setstate__ __sizeof__ __str__ __subclasshook__
set	__and__ __class__ __class_getitem__ __contains__ __delattr__ __dir__ __doc__ __eq__ __format__ __ge__ __getattribute__ __getstate__ __gt__ __hash__ __iand__ __init__ __init_subclass__ __ior__ __isub__ __iter__ __ixor__ __le__ __len__ __lt__ __ne__ __new__ __or__ __rand__ __reduce__ __reduce_ex__ __repr__ __ror__ __rsub__ __rxor__ __setattr__ __sizeof__ __str__ __sub__ __subclasshook__ __xor__ add clear copy difference difference_update discard intersection intersection_update isdisjoint issubset issuperset pop remove symmetric_difference symmetric_difference_update union update
slice	__class__ __delattr__ __dir__ __doc__ __eq__ __format__ __ge__ __getattribute__ __getstate__ __gt__ __hash__ __init__ __init_subclass__ __le__ __lt__ __ne__ __new__ __reduce__ __reduce_ex__ __repr__ __setattr__ __sizeof__ __str__ __subclasshook__ indices start step stop
staticmethod	__call__ __class__ __delattr__ __dict__ __dir__ __doc__ __eq__ __format__ __func__ __ge__ __get__ __getattribute__ __getstate__ __gt__ __hash__ __init__ __init_subclass__ __isabstractmethod__ __le__ __lt__ __ne__ __new__ __reduce__ __reduce_ex__ __repr__ __setattr__ __sizeof__ __str__ __subclasshook__ __wrapped__
str	__add__ __class__ __contains__ __delattr__ __dir__ __doc__ __eq__ __format__ __ge__ __getattribute__ __getitem__ __getnewargs__ __getstate__ __gt__ __hash__ __init__ __init_subclass__ __iter__ __le__ __len__ __lt__ __mod__ __mul__ __ne__ __new__ __reduce__ __reduce_ex__ __repr__ __rmod__ __rmul__ __setattr__ __sizeof__ __str__ __subclasshook__ capitalize casefold center count encode endswith expandtabs find format format_map index isalnum isalpha isascii isdecimal isdigit isidentifier islower isnumeric isprintable isspace istitle isupper join ljust lower lstrip maketrans partition removeprefix removesuffix replace rfind rindex rjust rpartition rsplit rstrip split splitlines startswith strip swapcase title translate upper zfill
super	__class__ __delattr__ __dir__ __doc__ __eq__ __format__ __ge__ __get__ __getattribute__ __getstate__ __gt__ __hash__ __init__ __init_subclass__ __le__ __lt__ __ne__ __new__ __reduce__ __reduce_ex__ __repr__ __self__ __self_class__ __setattr__ __sizeof__ __str__ __subclasshook__ __thisclass__
tuple	__add__ __class__ __class_getitem__ __contains__ __delattr__ __dir__ __doc__ __eq__ __format__ __ge__ __getattribute__ __getitem__ __getnewargs__ __getstate__ __gt__ __hash__ __init__ __init_subclass__ __iter__ __le__ __len__ __lt__ __mul__ __ne__ __new__ __reduce__ __reduce_ex__ __repr__ __rmul__ __setattr__ __sizeof__ __str__ __subclasshook__ count index
type	__abstractmethods__ __annotations__ __base__ __bases__ __basicsize__ __call__ __class__ __delattr__ __dict__ __dictoffset__ __dir__ __doc__ __eq__ __flags__ __format__ __ge__ __getattribute__ __getstate__ __gt__ __hash__ __init__ __init_subclass__ __instancecheck__ __itemsize__ __le__ __lt__ __module__ __mro__ __name__ __ne__ __new__ __or__ __prepare__ __qualname__ __reduce__ __reduce_ex__ __repr__ __ror__ __setattr__ __sizeof__ __str__ __subclasscheck__ __subclasses__ __subclasshook__ __text_signature__ __type_params__ __weakrefoffset__ mro
zip	__class__ __delattr__ __dir__ __doc__ __eq__ __format__ __ge__ __getattribute__ __getstate__ __gt__ __hash__ __init__ __init_subclass__ __iter__ __le__ __lt__ __ne__ __new__ __next__ __reduce__ __reduce_ex__ __repr__ __setattr__ __setstate__ __sizeof__ __str__ __subclasshook__
NoneType	__bool__ __class__ __delattr__ __dir__ __doc__ __eq__ __format__ __ge__ __getattribute__ __getstate__ __gt__ __hash__ __init__ __init_subclass__ __le__ __lt__ __ne__ __new__ __reduce__ __reduce_ex__ __repr__ __setattr__ __sizeof__ __str__ __subclasshook__
NotImplementedType	__bool__ __class__ __delattr__ __dir__ __doc__ __eq__ __format__ __ge__ __getattribute__ __getstate__ __gt__ __hash__ __init__ __init_subclass__ __le__ __lt__ __ne__ __new__ __reduce__ __reduce_ex__ __repr__ __setattr__ __sizeof__ __str__ __subclasshook__
ellipsis	__class__ __delattr__ __dir__ __doc__ __eq__ __format__ __ge__ __getattribute__ __getstate__ __gt__ __hash__ __init__ __init_subclass__ __le__ __lt__ __ne__ __new__ __reduce__ __reduce_ex__ __repr__ __setattr__ __sizeof__ __str__ __subclasshook__
function	__annotations__ __builtins__ __call__ __class__ __closure__ __code__ __defaults__ __delattr__ __dict__ __dir__ __doc__ __eq__ __format__ __ge__ __get__ __getattribute__ __getstate__ __globals__ __gt__ __hash__ __init__ __init_subclass__ __kwdefaults__ __le__ __lt__ __module__ __name__ __ne__ __new__ __qualname__ __reduce__ __reduce_ex__ __repr__ __setattr__ __sizeof__ __str__ __subclasshook__ __type_params__
generator	__class__ __class_getitem__ __del__ __delattr__ __dir__ __doc__ __eq__ __format__ __ge__ __getattribute__ __getstate__ __gt__ __hash__ __init__ __init_subclass__ __iter__ __le__ __lt__ __name__ __ne__ __new__ __next__ __qualname__ __reduce__ __reduce_ex__ __repr__ __setattr__ __sizeof__ __str__ __subclasshook__ close gi_code gi_frame gi_running gi_suspended gi_yieldfrom send throw
method	__call__ __class__ __delattr__ __dir__ __doc__ __eq__ __format__ __func__ __ge__ __get__ __getattribute__ __getstate__ __gt__ __hash__ __init__ __init_subclass__ __le__ __lt__ __ne__ __new__ __reduce__ __reduce_ex__ __repr__ __self__ __setattr__ __sizeof__ __str__ __subclasshook__
builtin_function_or_method	__call__ __class__ __delattr__ __dir__ __doc__ __eq__ __format__ __ge__ __getattribute__ __getstate__ __gt__ __hash__ __init__ __init_subclass__ __le__ __lt__ __module__ __name__ __ne__ __new__ __qualname__ __reduce__ __reduce_ex__ __repr__ __self__ __setattr__ __sizeof__ __str__ __subclasshook__ __text_signature__
dict_keys	__and__ __class__ __contains__ __delattr__ __dir__ __doc__ __eq__ __format__ __ge__ __getattribute__ __getstate__ __gt__ __hash__ __init__ __init_subclass__ __iter__ __le__ __len__ __lt__ __ne__ __new__ __or__ __rand__ __reduce__ __reduce_ex__ __repr__ __reversed__ __ror__ __rsub__ __rxor__ __setattr__ __sizeof__ __str__ __sub__ __subclasshook__ __xor__ isdisjoint mapping
dict_values	__class__ __delattr__ __dir__ __doc__ __eq__ __format__ __ge__ __getattribute__ __getstate__ __gt__ __hash__ __init__ __init_subclass__ __iter__ __le__ __len__ __lt__ __ne__ __new__ __reduce__ __reduce_ex__ __repr__ __reversed__ __setattr__ __sizeof__ __str__ __subclasshook__ mapping
dict_items	__and__ __class__ __contains__ __delattr__ __dir__ __doc__ __eq__ __format__ __ge__ __getattribute__ __getstate__ __gt__ __hash__ __init__ __init_subclass__ __iter__ __le__ __len__ __lt__ __ne__ __new__ __or__ __rand__ __reduce__ __reduce_ex__ __repr__ __reversed__ __ror__ __rsub__ __rxor__ __setattr__ __sizeof__ __str__ __sub__ __subclasshook__ __xor__ isdisjoint mapping
coroutine	__await__ __class__ __class_getitem__ __del__ __delattr__ __dir__ __doc__ __eq__ __format__ __ge__ __getattribute__ __getstate__ __gt__ __hash__ __init__ __init_subclass__ __le__ __lt__ __name__ __ne__ __new__ __qualname__ __reduce__ __reduce_ex__ __repr__ __setattr__ __sizeof__ __str__ __subclasshook__ close cr_await cr_code cr_frame cr_origin cr_running cr_suspended send throw
async_generator	__aiter__ __anext__ __class__ __class_getitem__ __del__ __delattr__ __dir__ __doc__ __eq__ __format__ __ge__ __getattribute__ __getstate__ __gt__ __hash__ __init__ __init_subclass__ __le__ __lt__ __name__ __ne__ __new__ __qualname__ __reduce__ __reduce_ex__ __repr__ __setattr__ __sizeof__ __str__ __subclasshook__ aclose ag_await ag_code ag_frame ag_running ag_suspended asend athrow
list_iterator	__class__ __delattr__ __dir__ __doc__ __eq__ __format__ __ge__ __getattribute__ __getstate__ __gt__ __hash__ __init__ __init_subclass__ __iter__ __le__ __length_hint__ __lt__ __ne__ __new__ __next__ __reduce__ __reduce_ex__ __repr__ __setattr__ __setstate__ __sizeof__ __str__ __subclasshook__
tuple_iterator	__class__ __delattr__ __dir__ __doc__ __eq__ __format__ __ge__ __getattribute__ __getstate__ __gt__ __hash__ __init__ __init_subclass__ __iter__ __le__ __length_hint__ __lt__ __ne__ __new__ __next__ __reduce__ __reduce_ex__ __repr__ __setattr__ __setstate__ __sizeof__ __str__ __subclasshook__
str_ascii_iterator	__class__ __delattr__ __dir__ __doc__ __eq__ __format__ __ge__ __getattribute__ __getstate__ __gt__ __hash__ __init__ __init_subclass__ __iter__ __le__ __length_hint__ __lt__ __ne__ __new__ __next__ __reduce__ __reduce_ex__ __repr__ __setattr__ __setstate__ __sizeof__ __str__ __subclasshook__
range_iterator	__class__ __delattr__ __dir__ __doc__ __eq__ __format__ __ge__ __getattribute__ __getstate__ __gt__ __hash__ __init__ __init_subclass__ __iter__ __le__ __length_hint__ __lt__ __ne__ __new__ __next__ __reduce__ __reduce_ex__ __repr__ __setattr__ __setstate__ __sizeof__ __str__ __subclasshook__
dict_keyiterator	__class__ __delattr__ __dir__ __doc__ __eq__ __format__ __ge__ __getattribute__ __getstate__ __gt__ __hash__ __init__ __init_subclass__ __iter__ __le__ __length_hint__ __lt__ __ne__ __new__ __next__ __reduce__ __reduce_ex__ __repr__ __setattr__ __sizeof__ __str__ __subclasshook__
set_iterator	__class__ __delattr__ __dir__ __doc__ __eq__ __format__ __ge__ __getattribute__ __getstate__ __gt__ __hash__ __init__ __init_subclass__ __iter__ __le__ __length_hint__ __lt__ __ne__ __new__ __next__ __reduce__ __reduce_ex__ __repr__ __setattr__ __sizeof__ __str__ __subclasshook__
code	__class__ __delattr__ __dir__ __doc__ __eq__ __format__ __ge__ __getattribute__ __getstate__ __gt__ __hash__ __init__ __init_subclass__ __le__ __lt__ __ne__ __new__ __reduce__ __reduce_ex__ __replace__ __repr__ __setattr__ __sizeof__ __str__ __subclasshook__ _co_code_adaptive _varname_from_oparg co_argcount co_cellvars co_code co_consts co_exceptiontable co_filename co_firstlineno co_flags co_freevars co_kwonlyargcount co_lines co_linetable co_lnotab co_name co_names co_nlocals co_positions co_posonlyargcount co_qualname co_stacksize co_varnames replace
list_reverseiterator	__class__ __delattr__ __dir__ __doc__ __eq__ __format__ __ge__ __getattribute__ __getstate__ __gt__ __hash__ __init__ __init_subclass__ __iter__ __le__ __length_hint__ __lt__ __ne__ __new__ __next__ __reduce__ __reduce_ex__ __repr__ __setattr__ __setstate__ __sizeof__ __str__ __subclasshook__
bytes_iterator	__class__ __delattr__ __dir__ __doc__ __eq__ __format__ __ge__ __getattribute__ __getstate__ __gt__ __hash__ __init__ __init_subclass__ __iter__ __le__ __length_hint__ __lt__ __ne__ __new__ __next__ __reduce__ __reduce_ex__ __repr__ __setattr__ __setstate__ __sizeof__ __str__ __subclasshook__
bytearray_iterator	__class__ __delattr__ __dir__ __doc__ __eq__ __format__ __ge__ __getattribute__ __getstate__ __gt__ __hash__ __init__ __init_subclass__ __iter__ __le__ __length_hint__ __lt__ __ne__ __new__ __next__ __reduce__ __reduce_ex__ __repr__ __setattr__ __setstate__ __sizeof__ __str__ __subclasshook__
dict_reversekeyiterator	__class__ __delattr__ __dir__ __doc__ __eq__ __format__ __ge__ __getattribute__ __getstate__ __gt__ __hash__ __init__ __init_subclass__ __iter__ __le__ __length_hint__ __lt__ __ne__ __new__ __next__ __reduce__ __reduce_ex__ __repr__ __setattr__ __sizeof__ __str__ __subclasshook__
dict_itemiterator	__class__ __delattr__ __dir__ __doc__ __eq__ __format__ __ge__ __getattribute__ __getstate__ __gt__ __hash__ __init__ __init_subclass__ __iter__ __le__ __length_hint__ __lt__ __ne__ __new__ __next__ __reduce__ __reduce_ex__ __repr__ __setattr__ __sizeof__ __str__ __subclasshook__
dict_valueiterator	__class__ __delattr__ __dir__ __doc__ __eq__ __format__ __ge__ __getattribute__ __getstate__ __gt__ __hash__ __init__ __init_subclass__ __iter__ __le__ __length_hint__ __lt__ __ne__ __new__ __next__ __reduce__ __reduce_ex__ __repr__ __setattr__ __sizeof__ __str__ __subclasshook__
str_iterator	__class__ __delattr__ __dir__ __doc__ __eq__ __format__ __ge__ __getattribute__ __getstate__ __gt__ __hash__ __init__ __init_subclass__ __iter__ __le__ __length_hint__ __lt__ __ne__ __new__ __next__ __reduce__ __reduce_ex__ __repr__ __setattr__ __setstate__ __sizeof__ __str__ __subclasshook__
socket	__class__ __del__ __delattr__ __dir__ __doc__ __eq__ __format__ __ge__ __getattribute__ __getstate__ __gt__ __hash__ __init__ __init_subclass__ __le__ __lt__ __module__ __ne__ __new__ __reduce__ __reduce_ex__ __repr__ __setattr__ __sizeof__ __str__ __subclasshook__ _accept bind close connect connect_ex detach family fileno getblocking getpeername getsockname getsockopt gettimeout listen proto recv recv_into recvfrom recvfrom_into recvmsg recvmsg_into send sendall sendmsg sendmsg_afalg sendto setblocking setsockopt settimeout shutdown timeout type
NoDefaultType	__class__ __delattr__ __dir__ __doc__ __eq__ __format__ __ge__ __getattribute__ __getstate__ __gt__ __hash__ __init__ __init_subclass__ __le__ __lt__ __ne__ __new__ __reduce__ __reduce_ex__ __repr__ __setattr__ __sizeof__ __str__ __subclasshook__
