_abc	__doc__ __loader__ __name__ __package__ __spec__ _abc_init _abc_instancecheck _abc_register _abc_subclasscheck _get_dump _reset_caches _reset_registry get_cache_token
_ast	AST Add And AnnAssign Assert Assign AsyncFor AsyncFunctionDef AsyncWith Attribute AugAssign Await BinOp BitAnd BitOr BitXor BoolOp Break Call ClassDef Compare Constant Continue Del Delete Dict DictComp Div Eq ExceptHandler Expr Expression FloorDiv For FormattedValue FunctionDef FunctionType GeneratorExp Global Gt GtE If IfExp Import ImportFrom In Interactive Invert Is IsNot JoinedStr LShift Lambda List ListComp Load Lt LtE MatMult Match MatchAs MatchClass MatchMapping MatchOr MatchSequence MatchSingleton MatchStar MatchValue Mod Module Mult Name NamedExpr Nonlocal Not NotEq NotIn Or ParamSpec Pass Pow PyCF_ALLOW_TOP_LEVEL_AWAIT PyCF_ONLY_AST PyCF_OPTIMIZED_AST PyCF_TYPE_COMMENTS RShift Raise Return Set SetComp Slice Starred Store Sub Subscript Try TryStar Tuple TypeAlias TypeIgnore TypeVar TypeVarTuple UAdd USub UnaryOp While With Yield YieldFrom __doc__ __loader__ __name__ __package__ __spec__ alias arg arguments boolop cmpop comprehension excepthandler expr expr_context keyword match_case mod operator pattern stmt type_ignore type_param unaryop withitem
_bisect	__doc__ __loader__ __name__ __package__ __spec__ bisect_left bisect_right insort_left insort_right
_blake2	BLAKE2B_MAX_DIGEST_SIZE BLAKE2B_MAX_KEY_SIZE BLAKE2B_PERSON_SIZE BLAKE2B_SALT_SIZE BLAKE2S_MAX_DIGEST_SIZE BLAKE2S_MAX_KEY_SIZE BLAKE2S_PERSON_SIZE BLAKE2S_SALT_SIZE __doc__ __loader__ __name__ __package__ __spec__ blake2b blake2s
_codecs	__doc__ __loader__ __name__ __package__ __spec__ ascii_decode ascii_encode charmap_build charmap_decode charmap_encode decode encode escape_decode escape_encode latin_1_decode latin_1_encode lookup lookup_error raw_unicode_escape_decode raw_unicode_escape_encode readbuffer_encode register register_error unicode_escape_decode unicode_escape_encode unregister utf_16_be_decode utf_16_be_encode utf_16_decode utf_16_encode utf_16_ex_decode utf_16_le_decode utf_16_le_encode utf_32_be_decode utf_32_be_encode utf_32_decode utf_32_encode utf_32_ex_decode utf_32_le_decode utf_32_le_encode utf_7_decode utf_7_encode utf_8_decode utf_8_encode
_collections	OrderedDict __doc__ __loader__ __name__ __package__ __spec__ _count_elements _deque_iterator _deque_reverse_iterator _tuplegetter defaultdict deque
_csv	Dialect Error QUOTE_ALL QUOTE_MINIMAL QUOTE_NONE QUOTE_NONNUMERIC QUOTE_NOTNULL QUOTE_STRINGS Reader Writer __doc__ __loader__ __name__ __package__ __spec__ _dialects field_size_limit get_dialect list_dialects reader register_dialect unregister_dialect writer
_datetime	MAXYEAR MINYEAR UTC __doc__ __loader__ __name__ __package__ __spec__ date datetime datetime_CAPI time timedelta timezone tzinfo
_decimal	BasicContext Clamped Context ConversionSyntax Decimal DecimalException DecimalTuple DefaultContext DivisionByZero DivisionImpossible DivisionUndefined ExtendedContext FloatOperation HAVE_CONTEXTVAR HAVE_THREADS Inexact InvalidContext InvalidOperation MAX_EMAX MAX_PREC MIN_EMIN MIN_ETINY Overflow ROUND_05UP ROUND_CEILING ROUND_DOWN ROUND_FLOOR ROUND_HALF_DOWN ROUND_HALF_EVEN ROUND_HALF_UP ROUND_UP Rounded Subnormal Underflow __doc__ __file__ __libmpdec_version__ __loader__ __name__ __package__ __spec__ __version__ getcontext localcontext setcontext
_elementtree	ElementParseError SubElement TreeBuilder XMLParser __doc__ __loader__ __name__ __package__ __spec__ _set_factories
_functools	__doc__ __loader__ __name__ __package__ __spec__ _lru_cache_wrapper cmp_to_key partial reduce
_heapq	__about__ __doc__ __loader__ __name__ __package__ __spec__ _heapify_max _heappop_max _heapreplace_max heapify heappop heappush heappushpop heapreplace
_imp	__doc__ __loader__ __name__ __package__ __spec__ _fix_co_filename _frozen_module_names _override_frozen_modules_for_tests _override_multi_interp_extensions_check acquire_lock check_hash_based_pycs create_builtin create_dynamic exec_builtin exec_dynamic extension_suffixes find_frozen get_frozen_object init_frozen is_builtin is_frozen is_frozen_package lock_held release_lock source_hash
_io	BlockingIOError BufferedRWPair BufferedRandom BufferedReader BufferedWriter BytesIO DEFAULT_BUFFER_SIZE FileIO IncrementalNewlineDecoder StringIO TextIOWrapper UnsupportedOperation _BufferedIOBase _BytesIOBuffer _IOBase _RawIOBase _TextIOBase __doc__ __loader__ __name__ __package__ __spec__ open open_code text_encoding
_json	__doc__ __loader__ __name__ __package__ __spec__ encode_basestring encode_basestring_ascii make_encoder make_scanner scanstring
_hashlib	HASH HASHXOF HMAC UnsupportedDigestmodError _GIL_MINSIZE __doc__ __file__ __loader__ __name__ __package__ __spec__ compare_digest get_fips_mode hmac_digest hmac_new new openssl_md5 openssl_md_meth_names openssl_sha1 openssl_sha224 openssl_sha256 openssl_sha384 openssl_sha3_224 openssl_sha3_256 openssl_sha3_384 openssl_sha3_512 openssl_sha512 openssl_shake_128 openssl_shake_256 pbkdf2_hmac scrypt
_locale	ABDAY_1 ABDAY_2 ABDAY_3 ABDAY_4 ABDAY_5 ABDAY_6 ABDAY_7 ABMON_1 ABMON_10 ABMON_11 ABMON_12 ABMON_2 ABMON_3 ABMON_4 ABMON_5 ABMON_6 ABMON_7 ABMON_8 ABMON_9 ALT_DIGITS AM_STR CHAR_MAX CODESET CRNCYSTR DAY_1 DAY_2 DAY_3 DAY_4 DAY_5 DAY_6 DAY_7 D_FMT D_T_FMT ERA ERA_D_FMT ERA_D_T_FMT ERA_T_FMT Error LC_ALL LC_COLLATE LC_CTYPE LC_MESSAGES LC_MONETARY LC_NUMERIC LC_TIME MON_1 MON_10 MON_11 MON_12 MON_2 MON_3 MON_4 MON_5 MON_6 MON_7 MON_8 MON_9 NOEXPR PM_STR RADIXCHAR THOUSEP T_FMT T_FMT_AMPM YESEXPR _DATE_FMT __doc__ __loader__ __name__ __package__ __spec__ bind_textdomain_codeset bindtextdomain dcgettext dgettext getencoding gettext localeconv nl_langinfo setlocale strcoll strxfrm textdomain
_md5	MD5Type __doc__ __loader__ __name__ __package__ __spec__ md5
_opcode	ENABLE_SPECIALIZATION __doc__ __loader__ __name__ __package__ __spec__ get_executor get_intrinsic1_descs get_intrinsic2_descs get_nb_ops get_specialization_stats has_arg has_const has_exc has_free has_jump has_local has_name is_valid stack_effect
_operator	__doc__ __loader__ __name__ __package__ __spec__ _compare_digest abs add and_ attrgetter call concat contains countOf delitem eq floordiv ge getitem gt iadd iand iconcat ifloordiv ilshift imatmul imod imul index indexOf inv invert ior ipow irshift is_ is_not isub itemgetter itruediv ixor le length_hint lshift lt matmul methodcaller mod mul ne neg not_ or_ pos pow rshift setitem sub truediv truth xor
_pickle	PickleBuffer PickleError Pickler PicklingError Unpickler UnpicklingError __doc__ __loader__ __name__ __package__ __spec__ dump dumps load loads
_posixsubprocess	__doc__ __loader__ __name__ __package__ __spec__ fork_exec
_random	Random __doc__ __loader__ __name__ __package__ __spec__
_sha1	SHA1Type __doc__ __loader__ __name__ __package__ __spec__ sha1
_sha2	SHA224Type SHA256Type SHA384Type SHA512Type __doc__ __loader__ __name__ __package__ __spec__ sha224 sha256 sha384 sha512
_sha3	__doc__ __loader__ __name__ __package__ __spec__ implementation sha3_224 sha3_256 sha3_384 sha3_512 shake_128 shake_256
_signal	ITIMER_PROF ITIMER_REAL ITIMER_VIRTUAL ItimerError NSIG SIGABRT SIGALRM SIGBUS SIGCHLD SIGCLD SIGCONT SIGFPE SIGHUP SIGILL SIGINT SIGIO SIGIOT SIGKILL SIGPIPE SIGPOLL SIGPROF SIGPWR SIGQUIT SIGRTMAX SIGRTMIN SIGSEGV SIGSTKFLT SIGSTOP SIGSYS SIGTERM SIGTRAP SIGTSTP SIGTTIN SIGTTOU SIGURG SIGUSR1 SIGUSR2 SIGVTALRM SIGWINCH SIGXCPU SIGXFSZ SIG_BLOCK SIG_DFL SIG_IGN SIG_SETMASK SIG_UNBLOCK __doc__ __loader__ __name__ __package__ __spec__ alarm default_int_handler getitimer getsignal pause pidfd_send_signal pthread_kill pthread_sigmask raise_signal set_wakeup_fd setitimer siginterrupt signal sigpending sigtimedwait sigwait sigwaitinfo strsignal struct_siginfo valid_signals
_socket	AF_ALG AF_APPLETALK AF_ASH AF_ATMPVC AF_ATMSVC AF_AX25 AF_BLUETOOTH AF_BRIDGE AF_CAN AF_DECnet AF_ECONET AF_INET AF_INET6 AF_IPX AF_IRDA AF_KEY AF_LLC AF_NETBEUI AF_NETLINK AF_NETROM AF_PACKET AF_PPPOX AF_QIPCRTR AF_RDS AF_ROSE AF_ROUTE AF_SECURITY AF_SNA AF_TIPC AF_UNIX AF_UNSPEC AF_VSOCK AF_WANPIPE AF_X25 AI_ADDRCONFIG AI_ALL AI_CANONNAME AI_NUMERICHOST AI_NUMERICSERV AI_PASSIVE AI_V4MAPPED ALG_OP_DECRYPT ALG_OP_ENCRYPT ALG_OP_SIGN ALG_OP_VERIFY ALG_SET_AEAD_ASSOCLEN ALG_SET_AEAD_AUTHSIZE ALG_SET_IV ALG_SET_KEY ALG_SET_OP ALG_SET_PUBKEY BDADDR_ANY BDADDR_LOCAL BTPROTO_HCI BTPROTO_L2CAP BTPROTO_RFCOMM BTPROTO_SCO CAN_BCM CAN_BCM_CAN_FD_FRAME CAN_BCM_RX_ANNOUNCE_RESUME CAN_BCM_RX_CHANGED CAN_BCM_RX_CHECK_DLC CAN_BCM_RX_DELETE CAN_BCM_RX_FILTER_ID CAN_BCM_RX_NO_AUTOTIMER CAN_BCM_RX_READ CAN_BCM_RX_RTR_FRAME CAN_BCM_RX_SETUP CAN_BCM_RX_STATUS CAN_BCM_RX_TIMEOUT CAN_BCM_SETTIMER CAN_BCM_STARTTIMER CAN_BCM_TX_ANNOUNCE CAN_BCM_TX_COUNTEVT CAN_BCM_TX_CP_CAN_ID CAN_BCM_TX_DELETE CAN_BCM_TX_EXPIRED CAN_BCM_TX_READ CAN_BCM_TX_RESET_MULTI_IDX CAN_BCM_TX_SEND CAN_BCM_TX_SETUP CAN_BCM_TX_STATUS CAN_EFF_FLAG CAN_EFF_MASK CAN_ERR_FLAG CAN_ERR_MASK CAN_ISOTP CAN_J1939 CAN_RAW CAN_RAW_ERR_FILTER CAN_RAW_FD_FRAMES CAN_RAW_FILTER CAN_RAW_JOIN_FILTERS CAN_RAW_LOOPBACK CAN_RAW_RECV_OWN_MSGS CAN_RTR_FLAG CAN_SFF_MASK CAPI CMSG_LEN CMSG_SPACE EAI_ADDRFAMILY EAI_AGAIN EAI_BADFLAGS EAI_FAIL EAI_FAMILY EAI_MEMORY EAI_NODATA EAI_NONAME EAI_OVERFLOW EAI_SERVICE EAI_SOCKTYPE EAI_SYSTEM ETHERTYPE_ARP ETHERTYPE_IP ETHERTYPE_IPV6 ETHERTYPE_VLAN ETH_P_ALL HCI_DATA_DIR HCI_FILTER HCI_TIME_STAMP INADDR_ALLHOSTS_GROUP INADDR_ANY INADDR_BROADCAST INADDR_LOOPBACK INADDR_MAX_LOCAL_GROUP INADDR_NONE INADDR_UNSPEC_GROUP IOCTL_VM_SOCKETS_GET_LOCAL_CID IPPORT_RESERVED IPPORT_USERRESERVED IPPROTO_AH IPPROTO_DSTOPTS IPPROTO_EGP IPPROTO_ESP IPPROTO_FRAGMENT IPPROTO_GRE IPPROTO_HOPOPTS IPPROTO_ICMP IPPROTO_ICMPV6 IPPROTO_IDP IPPROTO_IGMP IPPROTO_IP IPPROTO_IPIP IPPROTO_IPV6 IPPROTO_MPTCP IPPROTO_NONE IPPROTO_PIM IPPROTO_PUP IPPROTO_RAW IPPROTO_ROUTING IPPROTO_RSVP IPPROTO_SCTP IPPROTO_TCP IPPROTO_TP IPPROTO_UDP IPPROTO_UDPLITE IPV6_CHECKSUM IPV6_DONTFRAG IPV6_DSTOPTS IPV6_HOPLIMIT IPV6_HOPOPTS IPV6_JOIN_GROUP IPV6_LEAVE_GROUP IPV6_MULTICAST_HOPS IPV6_MULTICAST_IF IPV6_MULTICAST_LOOP IPV6_NEXTHOP IPV6_PATHMTU IPV6_PKTINFO IPV6_RECVDSTOPTS IPV6_RECVHOPLIMIT IPV6_RECVHOPOPTS IPV6_RECVPATHMTU IPV6_RECVPKTINFO IPV6_RECVRTHDR IPV6_RECVTCLASS IPV6_RTHDR IPV6_RTHDRDSTOPTS IPV6_RTHDR_TYPE_0 IPV6_TCLASS IPV6_UNICAST_HOPS IPV6_V6ONLY IP_ADD_MEMBERSHIP IP_ADD_SOURCE_MEMBERSHIP IP_BIND_ADDRESS_NO_PORT IP_BLOCK_SOURCE IP_DEFAULT_MULTICAST_LOOP IP_DEFAULT_MULTICAST_TTL IP_DROP_MEMBERSHIP IP_DROP_SOURCE_MEMBERSHIP IP_HDRINCL IP_MAX_MEMBERSHIPS IP_MULTICAST_IF IP_MULTICAST_LOOP IP_MULTICAST_TTL IP_OPTIONS IP_PKTINFO IP_RECVOPTS IP_RECVRETOPTS IP_RECVTOS IP_RETOPTS IP_TOS IP_TRANSPARENT IP_TTL IP_UNBLOCK_SOURCE J1939_EE_INFO_NONE J1939_EE_INFO_TX_ABORT J1939_FILTER_MAX J1939_IDLE_ADDR J1939_MAX_UNICAST_ADDR J1939_NLA_BYTES_ACKED J1939_NLA_PAD J1939_NO_ADDR J1939_NO_NAME J1939_NO_PGN J1939_PGN_ADDRESS_CLAIMED J1939_PGN_ADDRESS_COMMANDED J1939_PGN_MAX J1939_PGN_PDU1_MAX J1939_PGN_REQUEST MSG_CMSG_CLOEXEC MSG_CONFIRM MSG_CTRUNC MSG_DONTROUTE MSG_DONTWAIT MSG_EOR MSG_ERRQUEUE MSG_FASTOPEN MSG_MORE MSG_NOSIGNAL MSG_OOB MSG_PEEK MSG_TRUNC MSG_WAITALL NETLINK_CRYPTO NETLINK_DNRTMSG NETLINK_FIREWALL NETLINK_IP6_FW NETLINK_NFLOG NETLINK_ROUTE NETLINK_USERSOCK NETLINK_XFRM NI_DGRAM NI_IDN NI_MAXHOST NI_MAXSERV NI_NAMEREQD NI_NOFQDN NI_NUMERICHOST NI_NUMERICSERV PACKET_BROADCAST PACKET_FASTROUTE PACKET_HOST PACKET_LOOPBACK PACKET_MULTICAST PACKET_OTHERHOST PACKET_OUTGOING PF_CAN PF_PACKET PF_RDS SCM_CREDENTIALS SCM_J1939_DEST_ADDR SCM_J1939_DEST_NAME SCM_J1939_ERRQUEUE SCM_J1939_PRIO SCM_RIGHTS SHUT_RD SHUT_RDWR SHUT_WR SOCK_CLOEXEC SOCK_DGRAM SOCK_NONBLOCK SOCK_RAW SOCK_RDM SOCK_SEQPACKET SOCK_STREAM SOL_ALG SOL_CAN_BASE SOL_CAN_RAW SOL_HCI SOL_IP SOL_RDS SOL_SOCKET SOL_TCP SOL_TIPC SOL_UDP SOMAXCONN SO_ACCEPTCONN SO_BINDTODEVICE SO_BINDTOIFINDEX SO_BROADCAST SO_DEBUG SO_DOMAIN SO_DONTROUTE SO_ERROR SO_INCOMING_CPU SO_J1939_ERRQUEUE SO_J1939_FILTER SO_J1939_PROMISC SO_J1939_SEND_PRIO SO_KEEPALIVE SO_LINGER SO_MARK SO_OOBINLINE SO_PASSCRED SO_PASSSEC SO_PEERCRED SO_PEERSEC SO_PRIORITY SO_PROTOCOL SO_RCVBUF SO_RCVLOWAT SO_RCVTIMEO SO_REUSEADDR SO_REUSEPORT SO_SNDBUF SO_SNDLOWAT SO_SNDTIMEO SO_TYPE SO_VM_SOCKETS_BUFFER_MAX_SIZE SO_VM_SOCKETS_BUFFER_MIN_SIZE SO_VM_SOCKETS_BUFFER_SIZE SocketType TCP_CC_INFO TCP_CONGESTION TCP_CORK TCP_DEFER_ACCEPT TCP_FASTOPEN TCP_FASTOPEN_CONNECT TCP_FASTOPEN_KEY TCP_FASTOPEN_NO_COOKIE TCP_INFO TCP_INQ TCP_KEEPCNT TCP_KEEPIDLE TCP_KEEPINTVL TCP_LINGER2 TCP_MAXSEG TCP_MD5SIG TCP_MD5SIG_EXT TCP_NODELAY TCP_NOTSENT_LOWAT TCP_QUEUE_SEQ TCP_QUICKACK TCP_REPAIR TCP_REPAIR_OPTIONS TCP_REPAIR_QUEUE TCP_REPAIR_WINDOW TCP_SAVED_SYN TCP_SAVE_SYN TCP_SYNCNT TCP_THIN_DUPACK TCP_THIN_LINEAR_TIMEOUTS TCP_TIMESTAMP TCP_TX_DELAY TCP_ULP TCP_USER_TIMEOUT TCP_WINDOW_CLAMP TCP_ZEROCOPY_RECEIVE TIPC_ADDR_ID TIPC_ADDR_NAME TIPC_ADDR_NAMESEQ TIPC_CFG_SRV TIPC_CLUSTER_SCOPE TIPC_CONN_TIMEOUT TIPC_CRITICAL_IMPORTANCE TIPC_DEST_DROPPABLE TIPC_HIGH_IMPORTANCE TIPC_IMPORTANCE TIPC_LOW_IMPORTANCE TIPC_MEDIUM_IMPORTANCE TIPC_NODE_SCOPE TIPC_PUBLISHED TIPC_SRC_DROPPABLE TIPC_SUBSCR_TIMEOUT TIPC_SUB_CANCEL TIPC_SUB_PORTS TIPC_SUB_SERVICE TIPC_TOP_SRV TIPC_WAIT_FOREVER TIPC_WITHDRAWN TIPC_ZONE_SCOPE UDPLITE_RECV_CSCOV UDPLITE_SEND_CSCOV VMADDR_CID_ANY VMADDR_CID_HOST VMADDR_PORT_ANY VM_SOCKETS_INVALID_VERSION __doc__ __loader__ __name__ __package__ __spec__ close dup error gaierror getaddrinfo getdefaulttimeout gethostbyaddr gethostbyname gethostbyname_ex gethostname getnameinfo getprotobyname getservbyname getservbyport has_ipv6 herror htonl htons if_indextoname if_nameindex if_nametoindex inet_aton inet_ntoa inet_ntop inet_pton ntohl ntohs setdefaulttimeout sethostname socket socketpair timeout
_sre	CODESIZE MAGIC MAXGROUPS MAXREPEAT __doc__ __loader__ __name__ __package__ __spec__ ascii_iscased ascii_tolower compile copyright getcodesize template unicode_iscased unicode_tolower
_stat	SF_APPEND SF_ARCHIVED SF_DATALESS SF_FIRMLINK SF_IMMUTABLE SF_NOUNLINK SF_SETTABLE SF_SNAPSHOT ST_ATIME ST_CTIME ST_DEV ST_GID ST_INO ST_MODE ST_MTIME ST_NLINK ST_SIZE ST_UID S_ENFMT S_IEXEC S_IFBLK S_IFCHR S_IFDIR S_IFDOOR S_IFIFO S_IFLNK S_IFMT S_IFPORT S_IFREG S_IFSOCK S_IFWHT S_IMODE S_IREAD S_IRGRP S_IROTH S_IRUSR S_IRWXG S_IRWXO S_IRWXU S_ISBLK S_ISCHR S_ISDIR S_ISDOOR S_ISFIFO S_ISGID S_ISLNK S_ISPORT S_ISREG S_ISSOCK S_ISUID S_ISVTX S_ISWHT S_IWGRP S_IWOTH S_IWRITE S_IWUSR S_IXGRP S_IXOTH S_IXUSR UF_APPEND UF_COMPRESSED UF_DATAVAULT UF_HIDDEN UF_IMMUTABLE UF_NODUMP UF_NOUNLINK UF_OPAQUE UF_SETTABLE UF_TRACKED __doc__ __loader__ __name__ __package__ __spec__ filemode
_statistics	__doc__ __loader__ __name__ __package__ __spec__ _normal_dist_inv_cdf
_string	__doc__ __loader__ __name__ __package__ __spec__ formatter_field_name_split formatter_parser
_struct	Struct __doc__ __loader__ __name__ __package__ __spec__ _clearcache calcsize error iter_unpack pack pack_into unpack unpack_from
_suggestions	__doc__ __loader__ __name__ __package__ __spec__ _generate_suggestions
_symtable	CELL DEF_ANNOT DEF_BOUND DEF_FREE DEF_FREE_CLASS DEF_GLOBAL DEF_IMPORT DEF_LOCAL DEF_NONLOCAL DEF_PARAM FREE GLOBAL_EXPLICIT GLOBAL_IMPLICIT LOCAL SCOPE_MASK SCOPE_OFF TYPE_ANNOTATION TYPE_CLASS TYPE_FUNCTION TYPE_MODULE TYPE_TYPE_ALIAS TYPE_TYPE_PARAMETERS TYPE_TYPE_VARIABLE USE __doc__ __loader__ __name__ __package__ __spec__ symtable
_sysconfig	__doc__ __loader__ __name__ __package__ __spec__ config_vars
_thread	LockType RLock TIMEOUT_MAX _ExceptHookArgs _ThreadHandle __doc__ __loader__ __name__ __package__ __spec__ _count _excepthook _get_main_thread_ident _is_main_interpreter _local _make_thread_handle _shutdown allocate allocate_lock daemon_threads_allowed error exit exit_thread get_ident get_native_id interrupt_main lock stack_size start_joinable_thread start_new start_new_thread
_tokenize	TokenizerIter __doc__ __loader__ __name__ __package__ __spec__
_tracemalloc	__doc__ __loader__ __name__ __package__ __spec__ _get_object_traceback _get_traces clear_traces get_traceback_limit get_traced_memory get_tracemalloc_memory is_tracing reset_peak start stop
_typing	Generic NoDefault ParamSpec ParamSpecArgs ParamSpecKwargs TypeAliasType TypeVar TypeVarTuple __doc__ __loader__ __name__ __package__ __spec__ _idfunc
_uuid	__doc__ __file__ __loader__ __name__ __package__ __spec__ generate_time_safe
_warnings	__doc__ __loader__ __name__ __package__ __spec__ _defaultaction _filters_mutated _onceregistry filters warn warn_explicit
_weakref	CallableProxyType ProxyType ReferenceType __doc__ __loader__ __name__ __package__ __spec__ _remove_dead_weakref getweakrefcount getweakrefs proxy ref
array	ArrayType __doc__ __loader__ __name__ __package__ __spec__ _array_reconstructor array typecodes
atexit	__doc__ __loader__ __name__ __package__ __spec__ _clear _ncallbacks _run_exitfuncs register unregister
binascii	Error Incomplete __doc__ __loader__ __name__ __package__ __spec__ a2b_base64 a2b_hex a2b_qp a2b_uu b2a_base64 b2a_hex b2a_qp b2a_uu crc32 crc_hqx hexlify unhexlify
builtins	ArithmeticError AssertionError AttributeError BaseException BaseExceptionGroup BlockingIOError BrokenPipeError BufferError BytesWarning ChildProcessError ConnectionAbortedError ConnectionError ConnectionRefusedError ConnectionResetError DeprecationWarning EOFError Ellipsis EncodingWarning EnvironmentError Exception ExceptionGroup False FileExistsError FileNotFoundError FloatingPointError FutureWarning GeneratorExit IOError ImportError ImportWarning IndentationError IndexError InterruptedError IsADirectoryError KeyError KeyboardInterrupt LookupError MemoryError ModuleNotFoundError NameError None NotADirectoryError NotImplemented NotImplementedError OSError OverflowError PendingDeprecationWarning PermissionError ProcessLookupError PythonFinalizationError RecursionError ReferenceError ResourceWarning RuntimeError RuntimeWarning StopAsyncIteration StopIteration SyntaxError SyntaxWarning SystemError SystemExit TabError TimeoutError True TypeError UnboundLocalError UnicodeDecodeError UnicodeEncodeError UnicodeError UnicodeTranslateError UnicodeWarning UserWarning ValueError Warning ZeroDivisionError _IncompleteInputError __build_class__ __debug__ __doc__ __import__ __loader__ __name__ __package__ __spec__ abs aiter all anext any ascii bin bool breakpoint bytearray bytes callable chr classmethod compile complex copyright credits delattr dict dir divmod enumerate eval exec exit filter float format frozenset getattr globals hasattr hash help hex id input int isinstance issubclass iter len license list locals map max memoryview min next object oct open ord pow print property quit range repr reversed round set setattr slice sorted staticmethod str sum super tuple type vars zip
cmath	__doc__ __loader__ __name__ __package__ __spec__ acos acosh asin asinh atan atanh cos cosh e exp inf infj isclose isfinite isinf isnan log log10 nan nanj phase pi polar rect sin sinh sqrt tan tanh tau
codecs	BOM BOM32_BE BOM32_LE BOM64_BE BOM64_LE BOM_BE BOM_LE BOM_UTF16 BOM_UTF16_BE BOM_UTF16_LE BOM_UTF32 BOM_UTF32_BE BOM_UTF32_LE BOM_UTF8 BufferedIncrementalDecoder BufferedIncrementalEncoder Codec CodecInfo EncodedFile IncrementalDecoder IncrementalEncoder StreamReader StreamReaderWriter StreamRecoder StreamWriter __all__ __builtins__ __doc__ __file__ __loader__ __name__ __package__ __spec__ _false ascii_decode ascii_encode backslashreplace_errors builtins charmap_build charmap_decode charmap_encode decode encode escape_decode escape_encode getdecoder getencoder getincrementaldecoder getincrementalencoder getreader getwriter ignore_errors iterdecode iterencode latin_1_decode latin_1_encode lookup lookup_error make_encoding_map make_identity_dict namereplace_errors open raw_unicode_escape_decode raw_unicode_escape_encode readbuffer_encode register register_error replace_errors strict_errors sys unicode_escape_decode unicode_escape_encode unregister utf_16_be_decode utf_16_be_encode utf_16_decode utf_16_encode utf_16_ex_decode utf_16_le_decode utf_16_le_encode utf_32_be_decode utf_32_be_encode utf_32_decode utf_32_encode utf_32_ex_decode utf_32_le_decode utf_32_le_encode utf_7_decode utf_7_encode utf_8_decode utf_8_encode xmlcharrefreplace_errors
errno	E2BIG EACCES EADDRINUSE EADDRNOTAVAIL EADV EAFNOSUPPORT EAGAIN EALREADY EBADE EBADF EBADFD EBADMSG EBADR EBADRQC EBADSLT EBFONT EBUSY ECANCELED ECHILD ECHRNG ECOMM ECONNABORTED ECONNREFUSED ECONNRESET EDEADLK EDEADLOCK EDESTADDRREQ EDOM EDOTDOT EDQUOT EEXIST EFAULT EFBIG EHOSTDOWN EHOSTUNREACH EIDRM EILSEQ EINPROGRESS EINTR EINVAL EIO EISCONN EISDIR EISNAM EKEYEXPIRED EKEYREJECTED EKEYREVOKED EL2HLT EL2NSYNC EL3HLT EL3RST ELIBACC ELIBBAD ELIBEXEC ELIBMAX ELIBSCN ELNRNG ELOOP EMEDIUMTYPE EMFILE EMLINK EMSGSIZE EMULTIHOP ENAMETOOLONG ENAVAIL ENETDOWN ENETRESET ENETUNREACH ENFILE ENOANO ENOBUFS ENOCSI ENODATA ENODEV ENOENT ENOEXEC ENOKEY ENOLCK ENOLINK ENOMEDIUM ENOMEM ENOMSG ENONET ENOPKG ENOPROTOOPT ENOSPC ENOSR ENOSTR ENOSYS ENOTBLK ENOTCONN ENOTDIR ENOTEMPTY ENOTNAM ENOTRECOVERABLE ENOTSOCK ENOTSUP ENOTTY ENOTUNIQ ENXIO EOPNOTSUPP EOVERFLOW EOWNERDEAD EPERM EPFNOSUPPORT EPIPE EPROTO EPROTONOSUPPORT EPROTOTYPE ERANGE EREMCHG EREMOTE EREMOTEIO ERESTART ERFKILL EROFS ESHUTDOWN ESOCKTNOSUPPORT ESPIPE ESRCH ESRMNT ESTALE ESTRPIPE ETIME ETIMEDOUT ETOOMANYREFS ETXTBSY EUCLEAN EUNATCH EUSERS EWOULDBLOCK EXDEV EXFULL __doc__ __loader__ __name__ __package__ __spec__ errorcode
faulthandler	__doc__ __loader__ __name__ __package__ __spec__ _fatal_error_c_thread _read_null _sigabrt _sigfpe _sigsegv _stack_overflow cancel_dump_traceback_later disable dump_traceback dump_traceback_later enable is_enabled register unregister
fcntl	DN_ACCESS DN_ATTRIB DN_CREATE DN_DELETE DN_MODIFY DN_MULTISHOT DN_RENAME FASYNC FD_CLOEXEC FICLONE FICLONERANGE F_ADD_SEALS F_DUPFD F_DUPFD_CLOEXEC F_EXLCK F_GETFD F_GETFL F_GETLEASE F_GETLK F_GETLK64 F_GETOWN F_GETOWN_EX F_GETPIPE_SZ F_GETSIG F_GET_FILE_RW_HINT F_GET_RW_HINT F_GET_SEALS F_NOTIFY F_OFD_GETLK F_OFD_SETLK F_OFD_SETLKW F_OWNER_PGRP F_OWNER_PID F_OWNER_TID F_RDLCK F_SEAL_FUTURE_WRITE F_SEAL_GROW F_SEAL_SEAL F_SEAL_SHRINK F_SEAL_WRITE F_SETFD F_SETFL F_SETLEASE F_SETLK F_SETLK64 F_SETLKW F_SETLKW64 F_SETOWN F_SETOWN_EX F_SETPIPE_SZ F_SETSIG F_SET_FILE_RW_HINT F_SET_RW_HINT F_SHLCK F_UNLCK F_WRLCK LOCK_EX LOCK_MAND LOCK_NB LOCK_READ LOCK_RW LOCK_SH LOCK_UN LOCK_WRITE RWH_WRITE_LIFE_EXTREME RWH_WRITE_LIFE_LONG RWH_WRITE_LIFE_MEDIUM RWH_WRITE_LIFE_NONE RWH_WRITE_LIFE_NOT_SET RWH_WRITE_LIFE_SHORT __doc__ __loader__ __name__ __package__ __spec__ fcntl flock ioctl lockf
gc	DEBUG_COLLECTABLE DEBUG_LEAK DEBUG_SAVEALL DEBUG_STATS DEBUG_UNCOLLECTABLE __doc__ __loader__ __name__ __package__ __spec__ callbacks collect disable enable freeze garbage get_count get_debug get_freeze_count get_objects get_referents get_referrers get_stats get_threshold is_finalized is_tracked isenabled set_debug set_threshold unfreeze
grp	__doc__ __loader__ __name__ __package__ __spec__ getgrall getgrgid getgrnam struct_group
itertools	__doc__ __loader__ __name__ __package__ __spec__ _grouper _tee _tee_dataobject accumulate batched chain combinations combinations_with_replacement compress count cycle dropwhile filterfalse groupby islice pairwise permutations product repeat starmap takewhile tee zip_longest
marshal	__doc__ __loader__ __name__ __package__ __spec__ dump dumps load loads version
math	__doc__ __loader__ __name__ __package__ __spec__ acos acosh asin asinh atan atan2 atanh cbrt ceil comb copysign cos cosh degrees dist e erf erfc exp exp2 expm1 fabs factorial floor fma fmod frexp fsum gamma gcd hypot inf isclose isfinite isinf isnan isqrt lcm ldexp lgamma log log10 log1p log2 modf nan nextafter perm pi pow prod radians remainder sin sinh sqrt sumprod tan tanh tau trunc ulp
posix	CLD_CONTINUED CLD_DUMPED CLD_EXITED CLD_KILLED CLD_STOPPED CLD_TRAPPED CLONE_FILES CLONE_FS CLONE_NEWCGROUP CLONE_NEWIPC CLONE_NEWNET CLONE_NEWNS CLONE_NEWPID CLONE_NEWTIME CLONE_NEWUSER CLONE_NEWUTS CLONE_SIGHAND CLONE_SYSVSEM CLONE_THREAD CLONE_VM DirEntry EFD_CLOEXEC EFD_NONBLOCK EFD_SEMAPHORE EX_CANTCREAT EX_CONFIG EX_DATAERR EX_IOERR EX_NOHOST EX_NOINPUT EX_NOPERM EX_NOUSER EX_OK EX_OSERR EX_OSFILE EX_PROTOCOL EX_SOFTWARE EX_TEMPFAIL EX_UNAVAILABLE EX_USAGE F_LOCK F_OK F_TEST F_TLOCK F_ULOCK GRND_NONBLOCK GRND_RANDOM MFD_ALLOW_SEALING MFD_CLOEXEC MFD_HUGETLB MFD_HUGE_16GB MFD_HUGE_16MB MFD_HUGE_1GB MFD_HUGE_1MB MFD_HUGE_256MB MFD_HUGE_2GB MFD_HUGE_2MB MFD_HUGE_32MB MFD_HUGE_512KB MFD_HUGE_512MB MFD_HUGE_64KB MFD_HUGE_8MB MFD_HUGE_MASK MFD_HUGE_SHIFT NGROUPS_MAX O_ACCMODE O_APPEND O_ASYNC O_CLOEXEC O_CREAT O_DIRECT O_DIRECTORY O_DSYNC O_EXCL O_FSYNC O_LARGEFILE O_NDELAY O_NOATIME O_NOCTTY O_NOFOLLOW O_NONBLOCK O_PATH O_RDONLY O_RDWR O_RSYNC O_SYNC O_TMPFILE O_TRUNC O_WRONLY PIDFD_NONBLOCK POSIX_FADV_DONTNEED POSIX_FADV_NOREUSE POSIX_FADV_NORMAL POSIX_FADV_RANDOM POSIX_FADV_SEQUENTIAL POSIX_FADV_WILLNEED POSIX_SPAWN_CLOSE POSIX_SPAWN_CLOSEFROM POSIX_SPAWN_DUP2 POSIX_SPAWN_OPEN PRIO_PGRP PRIO_PROCESS PRIO_USER P_ALL P_PGID P_PID P_PIDFD RTLD_DEEPBIND RTLD_GLOBAL RTLD_LAZY RTLD_LOCAL RTLD_NODELETE RTLD_NOLOAD RTLD_NOW RWF_APPEND RWF_DSYNC RWF_HIPRI RWF_NOWAIT RWF_SYNC R_OK SCHED_BATCH SCHED_FIFO SCHED_IDLE SCHED_OTHER SCHED_RESET_ON_FORK SCHED_RR SEEK_DATA SEEK_HOLE SPLICE_F_MORE SPLICE_F_MOVE SPLICE_F_NONBLOCK ST_APPEND ST_MANDLOCK ST_NOATIME ST_NODEV ST_NODIRATIME ST_NOEXEC ST_NOSUID ST_RDONLY ST_RELATIME ST_SYNCHRONOUS ST_WRITE TFD_CLOEXEC TFD_NONBLOCK TFD_TIMER_ABSTIME TFD_TIMER_CANCEL_ON_SET TMP_MAX WCONTINUED WCOREDUMP WEXITED WEXITSTATUS WIFCONTINUED WIFEXITED WIFSIGNALED WIFSTOPPED WNOHANG WNOWAIT WSTOPPED WSTOPSIG WTERMSIG WUNTRACED W_OK XATTR_CREATE XATTR_REPLACE XATTR_SIZE_MAX X_OK __doc__ __loader__ __name__ __package__ __spec__ _exit _have_functions _inputhook _is_inputhook_installed _path_normpath _path_splitroot_ex abort access chdir chmod chown chroot close closerange confstr confstr_names copy_file_range cpu_count ctermid device_encoding dup dup2 environ error eventfd eventfd_read eventfd_write execv execve fchdir fchmod fchown fdatasync fork forkpty fpathconf fspath fstat fstatvfs fsync ftruncate get_blocking get_inheritable get_terminal_size getcwd getcwdb getegid geteuid getgid getgrouplist getgroups getloadavg getlogin getpgid getpgrp getpid getppid getpriority getrandom getresgid getresuid getsid getuid getxattr grantpt initgroups isatty kill killpg lchown link listdir listxattr lockf login_tty lseek lstat major makedev memfd_create minor mkdir mkfifo mknod nice open openpty pathconf pathconf_names pidfd_open pipe pipe2 posix_fadvise posix_fallocate posix_openpt posix_spawn posix_spawnp pread preadv ptsname putenv pwrite pwritev read readlink readv register_at_fork remove removexattr rename replace rmdir scandir sched_get_priority_max sched_get_priority_min sched_getaffinity sched_getparam sched_getscheduler sched_param sched_rr_get_interval sched_setaffinity sched_setparam sched_setscheduler sched_yield sendfile set_blocking set_inheritable setegid seteuid setgid setgroups setns setpgid setpgrp setpriority setregid setresgid setresuid setreuid setsid setuid setxattr splice stat stat_result statvfs statvfs_result strerror symlink sync sysconf sysconf_names system tcgetpgrp tcsetpgrp terminal_size timerfd_create timerfd_gettime timerfd_gettime_ns timerfd_settime timerfd_settime_ns times times_result truncate ttyname umask uname uname_result unlink unlockpt unsetenv unshare urandom utime wait wait3 wait4 waitid waitid_result waitpid waitstatus_to_exitcode write writev
pwd	__doc__ __loader__ __name__ __package__ __spec__ getpwall getpwnam getpwuid struct_passwd
pyexpat	EXPAT_VERSION ErrorString ExpatError ParserCreate XMLParserType XML_PARAM_ENTITY_PARSING_ALWAYS XML_PARAM_ENTITY_PARSING_NEVER XML_PARAM_ENTITY_PARSING_UNLESS_STANDALONE __doc__ __loader__ __name__ __package__ __spec__ error errors expat_CAPI features model native_encoding version_info
resource	RLIMIT_AS RLIMIT_CORE RLIMIT_CPU RLIMIT_DATA RLIMIT_FSIZE RLIMIT_MEMLOCK RLIMIT_MSGQUEUE RLIMIT_NICE RLIMIT_NOFILE RLIMIT_NPROC RLIMIT_OFILE RLIMIT_RSS RLIMIT_RTPRIO RLIMIT_RTTIME RLIMIT_SIGPENDING RLIMIT_STACK RLIM_INFINITY RUSAGE_CHILDREN RUSAGE_SELF RUSAGE_THREAD __doc__ __file__ __loader__ __name__ __package__ __spec__ error getpagesize getrlimit getrusage prlimit setrlimit struct_rusage
select	EPOLLERR EPOLLET EPOLLEXCLUSIVE EPOLLHUP EPOLLIN EPOLLMSG EPOLLONESHOT EPOLLOUT EPOLLPRI EPOLLRDBAND EPOLLRDHUP EPOLLRDNORM EPOLLWRBAND EPOLLWRNORM EPOLL_CLOEXEC PIPE_BUF POLLERR POLLHUP POLLIN POLLMSG POLLNVAL POLLOUT POLLPRI POLLRDBAND POLLRDHUP POLLRDNORM POLLWRBAND POLLWRNORM __doc__ __loader__ __name__ __package__ __spec__ epoll error poll select
sys	__breakpointhook__ __displayhook__ __doc__ __excepthook__ __interactivehook__ __loader__ __name__ __package__ __spec__ __stderr__ __stdin__ __stdout__ __unraisablehook__ _base_executable _baserepl _clear_internal_caches _clear_type_cache _current_exceptions _current_frames _debugmallocstats _framework _get_cpu_count_config _getframe _getframemodulename _git _home _is_gil_enabled _is_interned _setprofileallthreads _settraceallthreads _stdlib_dir _xoptions abiflags activate_stack_trampoline addaudithook api_version argv audit base_exec_prefix base_prefix breakpointhook builtin_module_names byteorder call_tracing copyright deactivate_stack_trampoline displayhook dont_write_bytecode exc_info excepthook exception exec_prefix executable exit flags float_info float_repr_style get_asyncgen_hooks get_coroutine_origin_tracking_depth get_int_max_str_digits getallocatedblocks getdefaultencoding getdlopenflags getfilesystemencodeerrors getfilesystemencoding getprofile getrecursionlimit getrefcount getsizeof getswitchinterval gettrace getunicodeinternedsize hash_info hexversion implementation int_info intern is_finalizing is_stack_trampoline_active maxsize maxunicode meta_path modules monitoring orig_argv path path_hooks path_importer_cache platform platlibdir prefix pycache_prefix set_asyncgen_hooks set_coroutine_origin_tracking_depth set_int_max_str_digits setdlopenflags setprofile setrecursionlimit setswitchinterval settrace stderr stdin stdlib_module_names stdout thread_info unraisablehook version version_info warnoptions
syslog	LOG_ALERT LOG_AUTH LOG_AUTHPRIV LOG_CONS LOG_CRIT LOG_CRON LOG_DAEMON LOG_DEBUG LOG_EMERG LOG_ERR LOG_FTP LOG_INFO LOG_KERN LOG_LOCAL0 LOG_LOCAL1 LOG_LOCAL2 LOG_LOCAL3 LOG_LOCAL4 LOG_LOCAL5 LOG_LOCAL6 LOG_LOCAL7 LOG_LPR LOG_MAIL LOG_MASK LOG_NDELAY LOG_NEWS LOG_NOTICE LOG_NOWAIT LOG_ODELAY LOG_PERROR LOG_PID LOG_SYSLOG LOG_UPTO LOG_USER LOG_UUCP LOG_WARNING __doc__ __loader__ __name__ __package__ __spec__ closelog openlog setlogmask syslog
termios	B0 B1000000 B110 B115200 B1152000 B1200 B134 B150 B1500000 B1800 B19200 B200 B2000000 B230400 B2400 B2500000 B300 B3000000 B3500000 B38400 B4000000 B460800 B4800 B50 B500000 B57600 B576000 B600 B75 B921600 B9600 BRKINT BS0 BS1 BSDLY CBAUD CBAUDEX CDSUSP CEOF CEOL CEOT CERASE CFLUSH CIBAUD CINTR CKILL CLNEXT CLOCAL CQUIT CR0 CR1 CR2 CR3 CRDLY CREAD CRPRNT CRTSCTS CS5 CS6 CS7 CS8 CSIZE CSTART CSTOP CSTOPB CSUSP CWERASE ECHO ECHOCTL ECHOE ECHOK ECHOKE ECHONL ECHOPRT EXTA EXTB EXTPROC FF0 FF1 FFDLY FIOASYNC FIOCLEX FIONBIO FIONCLEX FIONREAD FLUSHO HUPCL ICANON ICRNL IEXTEN IGNBRK IGNCR IGNPAR IMAXBEL INLCR INPCK IOCSIZE_MASK IOCSIZE_SHIFT ISIG ISTRIP IUCLC IUTF8 IXANY IXOFF IXON NCC NCCS NL0 NL1 NLDLY NOFLSH N_MOUSE N_PPP N_SLIP N_STRIP N_TTY OCRNL OFDEL OFILL OLCUC ONLCR ONLRET ONOCR OPOST PARENB PARMRK PARODD PENDIN TAB0 TAB1 TAB2 TAB3 TABDLY TCFLSH TCGETA TCGETS TCIFLUSH TCIOFF TCIOFLUSH TCION TCOFLUSH TCOOFF TCOON TCSADRAIN TCSAFLUSH TCSANOW TCSBRK TCSBRKP TCSETA TCSETAF TCSETAW TCSETS TCSETSF TCSETSW TCXONC TIOCCONS TIOCEXCL TIOCGETD TIOCGICOUNT TIOCGLCKTRMIOS TIOCGPGRP TIOCGSERIAL TIOCGSOFTCAR TIOCGWINSZ TIOCINQ TIOCLINUX TIOCMBIC TIOCMBIS TIOCMGET TIOCMIWAIT TIOCMSET TIOCM_CAR TIOCM_CD TIOCM_CTS TIOCM_DSR TIOCM_DTR TIOCM_LE TIOCM_RI TIOCM_RNG TIOCM_RTS TIOCM_SR TIOCM_ST TIOCNOTTY TIOCNXCL TIOCOUTQ TIOCPKT TIOCPKT_DATA TIOCPKT_DOSTOP TIOCPKT_FLUSHREAD TIOCPKT_FLUSHWRITE TIOCPKT_NOSTOP TIOCPKT_START TIOCPKT_STOP TIOCSCTTY TIOCSERCONFIG TIOCSERGETLSR TIOCSERGETMULTI TIOCSERGSTRUCT TIOCSERGWILD TIOCSERSETMULTI TIOCSERSWILD TIOCSER_TEMT TIOCSETD TIOCSLCKTRMIOS TIOCSPGRP TIOCSSERIAL TIOCSSOFTCAR TIOCSTI TIOCSWINSZ TOSTOP VDISCARD VEOF VEOL VEOL2 VERASE VINTR VKILL VLNEXT VMIN VQUIT VREPRINT VSTART VSTOP VSUSP VSWTC VSWTCH VT0 VT1 VTDLY VTIME VWERASE XCASE XTABS _POSIX_VDISABLE __doc__ __file__ __loader__ __name__ __package__ __spec__ error tcdrain tcflow tcflush tcgetattr tcgetwinsize tcsendbreak tcsetattr tcsetwinsize
time	CLOCK_BOOTTIME CLOCK_MONOTONIC CLOCK_MONOTONIC_RAW CLOCK_PROCESS_CPUTIME_ID CLOCK_REALTIME CLOCK_TAI CLOCK_THREAD_CPUTIME_ID _STRUCT_TM_ITEMS __doc__ __loader__ __name__ __package__ __spec__ altzone asctime clock_getres clock_gettime clock_gettime_ns clock_settime clock_settime_ns ctime daylight get_clock_info gmtime localtime mktime monotonic monotonic_ns perf_counter perf_counter_ns process_time process_time_ns pthread_getcpuclockid sleep strftime strptime struct_time thread_time thread_time_ns time time_ns timezone tzname tzset
unicodedata	UCD __doc__ __loader__ __name__ __package__ __spec__ _ucnhash_CAPI bidirectional category combining decimal decomposition digit east_asian_width is_normalized lookup mirrored name normalize numeric ucd_3_2_0 unidata_version
zlib	DEFLATED DEF_BUF_SIZE DEF_MEM_LEVEL MAX_WBITS ZLIB_RUNTIME_VERSION ZLIB_VERSION Z_BEST_COMPRESSION Z_BEST_SPEED Z_BLOCK Z_DEFAULT_COMPRESSION Z_DEFAULT_STRATEGY Z_FILTERED Z_FINISH Z_FIXED Z_FULL_FLUSH Z_HUFFMAN_ONLY Z_NO_COMPRESSION Z_NO_FLUSH Z_PARTIAL_FLUSH Z_RLE Z_SYNC_FLUSH Z_TREES _ZlibDecompressor __doc__ __loader__ __name__ __package__ __spec__ __version__ adler32 compress compressobj crc32 decompress decompressobj error
