os	_Environ _check_methods _execvpe _exists _exit _fspath _fwalk _fwalk_close _fwalk_walk _fwalk_yield _get_exports_list _spawnvef _walk_symlinks_as_files _wrap_close
io	_io
datetime	-
collections	_Link _OrderedDictItemsView _OrderedDictKeysView _OrderedDictValuesView _chain _collections_abc _count_elements _deque_iterator _eq _iskeyword _itemgetter _proxy _recursive_repr _repeat _starmap _sys _tuplegetter
functools	_CacheInfo _HashedSeq _NOT_FOUND _c3_merge _c3_mro _compose_mro _convert _find_impl _ge_from_gt _ge_from_le _ge_from_lt _gt_from_ge _gt_from_le _gt_from_lt _initial_missing _le_from_ge _le_from_gt _le_from_lt _lru_cache_wrapper _lt_from_ge _lt_from_gt _lt_from_le _make_key _unwrap_partial _unwrap_partialmethod
gzip	_COMPRESS_LEVEL_BEST _COMPRESS_LEVEL_FAST _COMPRESS_LEVEL_TRADEOFF _GzipReader _PaddedFile _WRITE_BUFFER_SIZE _WriteBufferStream _compression _read_exact _read_gzip_header
re	_MAXCACHE _MAXCACHE2 _ZeroSentinel _cache _cache2 _casefix _compile _compile_template _compiler _constants _parser _pickle _special_chars_map _sre _zero_sentinel
shutil	_ARCHIVE_FORMATS _BZ2_SUPPORTED _GiveupOnFastCopy _HAS_FCOPYFILE _LZMA_SUPPORTED _UNPACK_FORMATS _USE_CP_SENDFILE _WINDOWS _WIN_DEFAULT_PATHEXT _ZLIB_SUPPORTED _access_check _basename _check_unpack_options _copyfileobj_readinto _copytree _copyxattr _destinsrc _ensure_directory _fastcopy_fcopyfile _fastcopy_sendfile _find_unpack_format _get_gid _get_uid _is_immutable _islink _make_tarball _make_zipfile _ntuple_diskusage _rmtree_islink _rmtree_safe_fd _rmtree_unsafe _samefile _stat _unpack_tarfile _unpack_zipfile _use_fd_functions _win_path_needs_curdir _winapi
struct	_clearcache
_queue	-
threading	_CRLock _DeleteDummyThreadOnDel _DummyThread _HAVE_THREAD_NATIVE_ID _LockType _MainThread _PyRLock _RLock _SHUTTING_DOWN _ThreadHandle _active _active_limbo_lock _after_fork _allocate_lock _count _counter _daemon_threads_allowed _dangling _deque _enumerate _get_main_thread_ident _is_main_interpreter _limbo _main_thread _make_invoke_excepthook _make_thread_handle _newname _os _profile_hook _register_atexit _shutdown _start_joinable_thread _sys _thread_local_info _thread_shutdown _threading_atexits _time _trace_hook
types	_GeneratorWrapper _calculate_meta
copyreg	_HEAPTYPE _extension_cache _extension_registry _inverted_registry _new_type _reconstructor _reduce_ex _slotnames
pickle	_Framer _HAVE_PICKLE_BUFFER _NoValue _Pickler _Stop _Unframer _Unpickler _compat_pickle _dump _dumps _extension_cache _extension_registry _getattribute _inverted_registry _load _loads _test _tuplesize2code
dataclasses	_ATOMIC_TYPES _DataclassParams _EMPTY_METADATA _FIELD _FIELDS _FIELD_BASE _FIELD_CLASSVAR _FIELD_INITVAR _FuncBuilder _HAS_DEFAULT_FACTORY _HAS_DEFAULT_FACTORY_CLASS _KW_ONLY_TYPE _MISSING_TYPE _MODULE_IDENTIFIER_RE _PARAMS _POST_INIT_NAME _add_slots _asdict_inner _astuple_inner _dataclass_getstate _dataclass_setstate _field_assign _field_init _fields_in_init_order _frozen_get_del_attr _get_field _get_slots _hash_action _hash_add _hash_exception _hash_set_none _init_fn _init_param _is_classvar _is_dataclass_instance _is_initvar _is_kw_only _is_type _process_class _replace _set_new_attribute _tuple_str
inspect	_FrameInfo _KEYWORD_ONLY _NonUserDefinedCallables _POSITIONAL_ONLY _POSITIONAL_OR_KEYWORD _ParameterKind _Traceback _VAR_KEYWORD _VAR_POSITIONAL _check_class _check_instance _descriptor_get _empty _filesbymodname _findclass _finddoc _get_code_position _get_code_position_from_tb _get_dunder_dict_of_class _getmembers _has_code_flag _has_coroutine_mark _is_coroutine_mark _main _missing_arguments _sentinel _shadowed_dict _shadowed_dict_from_weakref_mro_tuple _signature_bound_method _signature_from_builtin _signature_from_callable _signature_from_function _signature_fromstr _signature_get_partial _signature_get_user_defined_method _signature_is_builtin _signature_is_functionlike _signature_strip_non_python_syntax _static_getmro _too_many _void
traceback	_Anchors _CASE_COST _ExceptionPrintContext _MAX_CANDIDATE_ITEMS _MAX_STRING_SIZE _MOVE_COST _RECURSIVE_CUTOFF _Sentinel _WIDE_CHAR_SPECIFIERS _byte_offset_to_character_offset _cause_message _colorize _compute_suggestion_error _context_message _display_width _extract_caret_anchors_from_line_segment _format_final_exc_line _get_code_position _levenshtein_distance _parse_value_tb _print_exception_bltin _safe_string _sentinel _substitution_cost _walk_tb_with_full_positions
